U_TIME,LSL_TIME,HUMAN_TIME,MESSAGE,VECTOR_NUM,VECTOR_NAME,PERFORMER
1699631228071089400,142030.8670103,15:47:08:071090,H,,,
1699631238081622600,142040.8775467,15:47:18:081623,H,,,
1699631248098346900,142050.8942004,15:47:28:098347,H,,,
1699631258108864800,142060.9051628,15:47:38:108865,H,,,
1699631268122606500,142070.9187058,15:47:48:122607,H,,,
1699631278135801500,142080.9315186,15:47:58:135802,H,,,
1699631288149126700,142090.9450962,15:48:08:149127,H,,,
1699631298162235500,142100.9579488,15:48:18:162235,H,,,
1699631308174850700,142110.9705292,15:48:28:174851,H,,,
1699631318187445600,142120.9831745,15:48:38:187445,H,,,
1699631328199730300,142130.9963649,15:48:48:199730,H,,,
1699631338220026000,142141.0158411,15:48:58:220026,H,,,
1699631348238664300,142151.0351662,15:49:08:238664,H,,,
1699631358251668100,142161.0478269,15:49:18:251668,H,,,
1699631368264512900,142171.0606517,15:49:28:264513,H,,,
1699631378284439700,142181.0801364,15:49:38:284440,H,,,
1699631388296442600,142191.0928655,15:49:48:296443,H,,,
1699631398322108300,142201.1184117,15:49:58:322109,H,,,
1699631408336938700,142211.1326554,15:50:08:336939,H,,,
1699631418349405600,142221.1451668,15:50:18:349406,H,,,
1699631428363894400,142231.1600771,15:50:28:363894,H,,,
1699631438377406400,142241.173138,15:50:38:377406,H,,,
1699631448394957300,142251.1906392,15:50:48:394957,H,,,
1699631458407401100,142261.2031785,15:50:58:407401,H,,,
1699631468420676600,142271.2170464,15:51:08:420677,H,,,
1699631478433401600,142281.2292325,15:51:18:433402,H,,,
1699631488446238600,142291.2423988,15:51:28:446239,H,,,
1699631498460749400,142301.2568173,15:51:38:460749,H,,,
1699631508479058300,142311.2747514,15:51:48:479058,H,,,
1699631518493308000,142321.2890457,15:51:58:493308,H,,,
1699631528511346900,142331.3071804,15:52:08:511347,H,,,
1699631538524447100,142341.3206597,15:52:18:524447,H,,,
1699631548538058400,142351.3346375,15:52:28:538059,H,,,
1699631558551437600,142361.3471199,15:52:38:551438,H,,,
1699631568564445200,142371.3601634,15:52:48:564445,H,,,
1699631578576860100,142381.3725393,15:52:58:576860,H,,,
1699631588589063400,142391.3847433,15:53:08:589063,H,,,
1699631598600818000,142401.3968343,15:53:18:600818,H,,,
1699631608613420400,142411.4091161,15:53:28:613420,H,,,
1699631618624773600,142421.4204585,15:53:38:624774,H,,,
1699631628637547700,142431.4332315,15:53:48:637548,H,,,
1699631638650310500,142441.4460911,15:53:58:650311,H,,,
1699631648661806100,142451.4575287,15:54:08:661806,H,,,
1699631658675351200,142461.4713673,15:54:18:675351,H,,,
1699631668691369600,142471.487149,15:54:28:691370,H,,,
1699631678703457200,142481.4991534,15:54:38:703457,H,,,
1699631688716582200,142491.512712,15:54:48:716582,H,,,
1699631698729155000,142501.5254658,15:54:58:729155,H,,,
1699631708743239200,142511.5391191,15:55:08:743239,H,,,
1699631718757204500,142521.5529518,15:55:18:757205,H,,,
1699631728774246300,142531.5699745,15:55:28:774246,H,,,
1699631738793606500,142541.5896314,15:55:38:793606,H,,,
1699631748805228200,142551.6017461,15:55:48:805228,H,,,
1699631758824920100,142561.6211775,15:55:58:824920,H,,,
1699631768839173000,142571.6349852,15:56:08:839173,H,,,
1699631778853203100,142581.6490418,15:56:18:853203,H,,,
1699631788865288500,142591.6610101,15:56:28:865288,H,,,
1699631798877352800,142601.6735855,15:56:38:877353,H,,,
1699631808890336400,142611.6860667,15:56:48:890337,H,,,
1699631818902031300,142621.6978777,15:56:58:902031,H,,,
1699631828921171000,142631.7174638,15:57:08:921171,H,,,
1699631838933911700,142641.7296252,15:57:18:933912,H,,,
1699631848945061900,142651.7414631,15:57:28:945062,H,,,
1699631857764183100,142660.5606195,15:57:37:764183,FAKE:1200,,,
1699631858775110800,142661.5716596,15:57:38:775111,FAKE:1200,,,
1699631858960643200,142661.7563451,15:57:38:960643,H,,,
1699631859786116100,142662.5817895,15:57:39:786116,FAKE:1200,,,
1699631860797051700,142663.5928327,15:57:40:797052,FAKE:1200,,,
1699631861809025600,142664.6048451,15:57:41:809026,FAKE:1200,,,
1699631862819358900,142665.6156768,15:57:42:819359,FAKE:1200,,,
1699631863832040000,142666.6286509,15:57:43:832040,FAKE:1200,,,
1699631864842115400,142667.6386568,15:57:44:842115,FAKE:1200,,,
1699631865853044000,142668.6487185,15:57:45:853044,FAKE:1200,,,
1699631866862125500,142669.658719,15:57:46:862126,FAKE:1200,,,
1699631867873100400,142670.6696536,15:57:47:873100,FAKE:1200,,,
1699631868889333900,142671.6856791,15:57:48:889334,FAKE:1200,,,
1699631868977110300,142671.7728382,15:57:48:977110,H,,,
1699631869899067300,142672.6956856,15:57:49:899067,FAKE:1200,,,
1699631870911011200,142673.706881,15:57:50:911011,FAKE:1200,,,
1699631871921125800,142674.7176544,15:57:51:921126,FAKE:1200,,,
1699631872932118100,142675.7286773,15:57:52:932118,FAKE:1200,,,
1699631873943789200,142676.7396586,15:57:53:943789,FAKE:1200,,,
1699631874953987500,142677.7496688,15:57:54:953988,FAKE:1200,,,
1699631875965046700,142678.7607224,15:57:55:965047,FAKE:1200,,,
1699631876975941100,142679.7716522,15:57:56:975941,FAKE:1200,,,
1699631877986206200,142680.78274,15:57:57:986206,FAKE:1200,,,
1699631878998012200,142681.7936751,15:57:58:998012,H,,,
1699631878998012200,142681.7937736,15:57:58:998012,FAKE:1200,,,
1699631880016820000,142682.8127333,15:58:00:016820,FAKE:1200,,,
1699631881027076800,142683.8236887,15:58:01:027077,FAKE:1200,,,
1699631882038042300,142684.8337189,15:58:02:038042,FAKE:1200,,,
1699631883048114000,142685.8446541,15:58:03:048114,FAKE:1200,,,
1699631884058203600,142686.8547017,15:58:04:058204,FAKE:1200,,,
1699631885069167100,142687.8656518,15:58:05:069167,FAKE:1200,,,
1699631886080549200,142688.8766628,15:58:06:080549,FAKE:1200,,,
1699631887092333700,142689.8886511,15:58:07:092334,FAKE:1200,,,
1699631888999952000,142691.7957507,15:58:08:999952,H,,,
1699631899014282800,142701.8103014,15:58:19:014283,H,,,
1699631909030104500,142711.8265276,15:58:29:030105,H,,,
1699631919053582900,142721.8500481,15:58:39:053583,H,,,
1699631928103819100,142730.8996435,15:58:48:103819,FAKE:1200,,,
1699631929068759600,142731.8649118,15:58:49:068759,H,,,
1699631929115017300,142731.9107169,15:58:49:115017,FAKE:1200,,,
1699631930125645300,142732.9217428,15:58:50:125645,FAKE:1200,,,
1699631931136865200,142733.9327356,15:58:51:136865,FAKE:1200,,,
1699631932147213400,142734.9436566,15:58:52:147213,FAKE:1200,,,
1699631933157161600,142735.9536521,15:58:53:157161,FAKE:1200,,,
1699631934167200000,142736.9637271,15:58:54:167200,FAKE:1200,,,
1699631935177945700,142737.9736562,15:58:55:177946,FAKE:1200,,,
1699631936188043300,142738.983719,15:58:56:188043,FAKE:1200,,,
1699631937198188100,142739.994721,15:58:57:198188,FAKE:1200,,,
1699631938209107900,142741.0056706,15:58:58:209108,FAKE:1200,,,
1699631939080554100,142741.876648,15:58:59:080554,H,,,
1699631939221860000,142742.0178768,15:58:59:221860,FAKE:1200,,,
1699631940233041900,142743.0287161,15:59:00:233042,FAKE:1200,,,
1699631941243996800,142744.039735,15:59:01:243997,FAKE:1200,,,
1699631942255924900,142745.0520347,15:59:02:255925,FAKE:1200,,,
1699631943270335000,142746.0666547,15:59:03:270335,FAKE:1200,,,
1699631944280076100,142747.0766549,15:59:04:280076,FAKE:1200,,,
1699631945290193200,142748.0866535,15:59:05:290193,FAKE:1200,,,
1699631946301209200,142749.0976561,15:59:06:301209,FAKE:1200,,,
1699631947312234000,142750.1086547,15:59:07:312234,FAKE:1200,,,
1699631948322920500,142751.1186585,15:59:08:322921,FAKE:1200,,,
1699631949093125600,142751.889232,15:59:09:093126,H,,,
1699631949334016000,142752.1298505,15:59:09:334016,FAKE:1200,,,
1699631950343132500,142753.1397218,15:59:10:343132,FAKE:1200,,,
1699631951354920700,142754.1507814,15:59:11:354921,FAKE:1200,,,
1699631952367082900,142755.1629751,15:59:12:367083,FAKE:1200,,,
1699631953383694200,142756.1796585,15:59:13:383694,FAKE:1200,,,
1699631954399267500,142757.1956727,15:59:14:399268,FAKE:1200,,,
1699631955412107600,142758.2086537,15:59:15:412107,FAKE:1200,,,
1699631956422110200,142759.2187178,15:59:16:422110,FAKE:1200,,,
1699631957434041700,142760.2297166,15:59:17:434042,FAKE:1200,,,
1699631958444076700,142761.2406607,15:59:18:444077,FAKE:1200,,,
1699631959108311000,142761.9044767,15:59:19:108311,H,,,
1699631959455860400,142762.2516556,15:59:19:455860,FAKE:1200,,,
1699631960466221700,142763.2627456,15:59:20:466222,FAKE:1200,,,
1699631961478995000,142764.274792,15:59:21:478995,FAKE:1200,,,
1699631962490054700,142765.286,15:59:22:490055,FAKE:1200,,,
1699631963502036500,142766.2977208,15:59:23:502037,FAKE:1200,,,
1699631964511981700,142767.3076523,15:59:24:511982,FAKE:1200,,,
1699631965522099400,142768.3186541,15:59:25:522099,FAKE:1200,,,
1699631966537154600,142769.3336776,15:59:26:537155,FAKE:1200,,,
1699631967551073600,142770.3476623,15:59:27:551074,FAKE:1200,,,
1699631968561461500,142771.3576532,15:59:28:561461,FAKE:1200,,,
1699631969121217800,142771.9169379,15:59:29:121218,H,,,
1699631969573069200,142772.368768,15:59:29:573069,FAKE:1200,,,
1699631970589088200,142773.3848992,15:59:30:589088,FAKE:1200,,,
1699631971599166900,142774.3948278,15:59:31:599167,FAKE:1200,,,
1699631972610007300,142775.4056886,15:59:32:610007,FAKE:1200,,,
1699631973623156400,142776.4196615,15:59:33:623157,FAKE:1200,,,
1699631974634341900,142777.4306532,15:59:34:634342,FAKE:1200,,,
1699631975645902200,142778.4416609,15:59:35:645902,FAKE:1200,,,
1699631976656929100,142779.4526554,15:59:36:656929,FAKE:1200,,,
1699631977672090500,142780.4686735,15:59:37:672091,FAKE:1200,,,
1699631978684029300,142781.4797293,15:59:38:684029,FAKE:1200,,,
1699631979133380800,142781.9293734,15:59:39:133381,H,,,
1699631979694956600,142782.4907166,15:59:39:694957,FAKE:1200,,,
1699631980705125000,142783.5016509,15:59:40:705125,FAKE:1200,,,
1699631981716028400,142784.5119905,15:59:41:716028,FAKE:1200,,,
1699631982736560800,142785.53267,15:59:42:736561,FAKE:1200,,,
1699631983748026700,142786.5446563,15:59:43:748027,FAKE:1200,,,
1699631984758287500,142787.554669,15:59:44:758288,FAKE:1200,,,
1699631985770432300,142788.5666604,15:59:45:770432,FAKE:1200,,,
1699631986786594600,142789.5826836,15:59:46:786595,FAKE:1200,,,
1699631987799654500,142790.5956712,15:59:47:799654,FAKE:1200,,,
1699631989146749300,142791.9424596,15:59:49:146749,H,,,
1699631999159182500,142801.9549227,15:59:59:159183,H,,,
1699632009179841900,142811.975904,16:00:09:179842,H,,,
1699632018812046900,142821.6086567,16:00:18:812047,FAKE:1200,,,
1699632019200564700,142821.9964061,16:00:19:200565,H,,,
1699632019823093300,142822.6196617,16:00:19:823093,FAKE:1200,,,
1699632020841100300,142823.6376816,16:00:20:841100,FAKE:1200,,,
1699632021853040400,142824.6491001,16:00:21:853040,FAKE:1200,,,
1699632022868961300,142825.6646603,16:00:22:868961,FAKE:1200,,,
1699632023879401600,142826.6756532,16:00:23:879401,FAKE:1200,,,
1699632024889122500,142827.6857126,16:00:24:889122,FAKE:1200,,,
1699632025902078900,142828.6977861,16:00:25:902079,FAKE:1200,,,
1699632026915124700,142829.7116519,16:00:26:915125,FAKE:1200,,,
1699632027926895700,142830.72269,16:00:27:926896,FAKE:1200,,,
1699632028940316200,142831.7366514,16:00:28:940316,FAKE:1200,,,
1699632029215820200,142832.0115323,16:00:29:215820,H,,,
1699632029951928300,142832.7476485,16:00:29:951928,FAKE:1200,,,
1699632030961751100,142833.7576602,16:00:30:961751,FAKE:1200,,,
1699632031974022100,142834.7697302,16:00:31:974022,FAKE:1200,,,
1699632032983093100,142835.779657,16:00:32:983093,FAKE:1200,,,
1699632033993556300,142836.7896776,16:00:33:993556,FAKE:1200,,,
1699632035007146600,142837.8036537,16:00:35:007147,FAKE:1200,,,
1699632036018544000,142838.8146516,16:00:36:018544,FAKE:1200,,,
1699632037028968400,142839.8246503,16:00:37:028968,FAKE:1200,,,
1699632038040003300,142840.8356519,16:00:38:040003,FAKE:1200,,,
1699632039050621800,142841.8466501,16:00:39:050622,FAKE:1200,,,
1699632039228763600,142842.0245106,16:00:39:228764,H,,,
1699632040060959700,142842.8567174,16:00:40:060960,FAKE:1200,,,
1699632041071477900,142843.8680687,16:00:41:071478,FAKE:1200,,,
1699632042085071800,142844.8807707,16:00:42:085072,FAKE:1200,,,
1699632043095145100,142845.8917374,16:00:43:095145,FAKE:1200,,,
1699632044105998200,142846.9016523,16:00:44:105998,FAKE:1200,,,
1699632045116378500,142847.9126546,16:00:45:116379,FAKE:1200,,,
1699632046126114300,142848.922649,16:00:46:126114,FAKE:1200,,,
1699632047136236800,142849.9327242,16:00:47:136237,FAKE:1200,,,
1699632048146947000,142850.9426522,16:00:48:146947,FAKE:1200,,,
1699632049156052800,142851.952653,16:00:49:156053,FAKE:1200,,,
1699632049241336900,142852.0370379,16:00:49:241337,H,,,
1699632050168047500,142852.9637242,16:00:50:168048,FAKE:1200,,,
1699632051178465600,142853.9746464,16:00:51:178466,FAKE:1200,,,
1699632052190018100,142854.9857143,16:00:52:190018,FAKE:1200,,,
1699632053200486500,142855.9966884,16:00:53:200486,FAKE:1200,,,
1699632054215077900,142857.0116518,16:00:54:215078,FAKE:1200,,,
1699632055226002500,142858.0216739,16:00:55:226002,FAKE:1200,,,
1699632056239007000,142859.0347769,16:00:56:239007,FAKE:1200,,,
1699632057252057100,142860.0486763,16:00:57:252057,FAKE:1200,,,
1699632058266996200,142861.0627901,16:00:58:266996,FAKE:1200,,,
1699632059278398400,142862.074111,16:00:59:278399,FAKE:1200,,,
1699632059257159900,142862.0528725,16:00:59:257160,H,,,
1699632060278511600,142863.0747175,16:01:00:278512,FAKE:1200,,,
1699632061289008600,142864.0847252,16:01:01:289009,FAKE:1200,,,
1699632062300104400,142865.0960748,16:01:02:300104,FAKE:1200,,,
1699632063310230800,142866.1067413,16:01:03:310231,FAKE:1200,,,
1699632064321076300,142867.1176603,16:01:04:321076,FAKE:1200,,,
1699632065332444500,142868.128651,16:01:05:332444,FAKE:1200,,,
1699632066342042900,142869.1386501,16:01:06:342043,FAKE:1200,,,
1699632067353032400,142870.1496511,16:01:07:353032,FAKE:1200,,,
1699632068363202600,142871.1596524,16:01:08:363203,FAKE:1200,,,
1699632069279214400,142872.074919,16:01:09:279214,H,,,
1699632069374060100,142872.1697571,16:01:09:374060,FAKE:1200,,,
1699632070384363300,142873.1807163,16:01:10:384363,FAKE:1200,,,
1699632071404991900,142874.2007315,16:01:11:404992,FAKE:1200,,,
1699632072422834500,142875.2186525,16:01:12:422834,FAKE:1200,,,
1699632073434009600,142876.2296837,16:01:13:434010,FAKE:1200,,,
1699632074444073000,142877.2406513,16:01:14:444073,FAKE:1200,,,
1699632075455367300,142878.2516869,16:01:15:455367,FAKE:1200,,,
1699632076467093900,142879.2636505,16:01:16:467094,FAKE:1200,,,
1699632077477971700,142880.2736515,16:01:17:477972,FAKE:1200,,,
1699632078488050000,142881.2837225,16:01:18:488050,FAKE:1200,,,
1699632079293066200,142882.0896209,16:01:19:293066,H,,,
1699632079497845600,142882.2937768,16:01:19:497845,FAKE:1200,,,
1699632080511127700,142883.3077103,16:01:20:511128,FAKE:1200,,,
1699632081522046600,142884.3177436,16:01:21:522047,FAKE:1200,,,
1699632082532979300,142885.3286682,16:01:22:532979,FAKE:1200,,,
1699632083545982100,142886.3426518,16:01:23:545982,FAKE:1200,,,
1699632084556898700,142887.3527918,16:01:24:556899,FAKE:1200,,,
1699632085574070700,142888.3697348,16:01:25:574071,FAKE:1200,,,
1699632086586008300,142889.3816532,16:01:26:586008,FAKE:1200,,,
1699632087595967000,142890.3917193,16:01:27:595967,FAKE:1200,,,
1699632088606149900,142891.4027081,16:01:28:606150,FAKE:1200,,,
1699632089309876800,142892.1055553,16:01:29:309877,H,,,
1699632089616742000,142892.4128018,16:01:29:616742,FAKE:1200,,,
1699632090629190900,142893.4257346,16:01:30:629191,FAKE:1200,,,
1699632091642041500,142894.4377124,16:01:31:642042,FAKE:1200,,,
1699632092653075900,142895.4487747,16:01:32:653076,FAKE:1200,,,
1699632093663940000,142896.4596705,16:01:33:663940,FAKE:1200,,,
1699632094676155400,142897.4726506,16:01:34:676155,FAKE:1200,,,
1699632095686897300,142898.4826529,16:01:35:686898,FAKE:1200,,,
1699632096702169700,142899.4987148,16:01:36:702170,FAKE:1200,,,
1699632097713000500,142900.508684,16:01:37:713001,FAKE:1200,,,
1699632098723031200,142901.5196497,16:01:38:723031,FAKE:1200,,,
1699632099321505300,142902.1171819,16:01:39:321505,H,,,
1699632099733981000,142902.5300179,16:01:39:733981,FAKE:1200,,,
1699632100744256900,142903.5406719,16:01:40:744257,FAKE:1200,,,
1699632101757010300,142904.5528125,16:01:41:757010,FAKE:1200,,,
1699632102767140600,142905.5636682,16:01:42:767141,FAKE:1200,,,
1699632103780064500,142906.5766471,16:01:43:780065,FAKE:1200,,,
1699632104791603300,142907.5877224,16:01:44:791603,FAKE:1200,,,
1699632105802990100,142908.5986831,16:01:45:802990,FAKE:1200,,,
1699632106817068400,142909.6136929,16:01:46:817068,FAKE:1200,,,
1699632107828963200,142910.6246761,16:01:47:828963,FAKE:1200,,,
1699632108841124800,142911.637649,16:01:48:841125,FAKE:1200,,,
1699632109334690200,142912.1303865,16:01:49:334690,H,,,
1699632115625963500,142918.4220868,16:01:55:625963,VECTOR_0 STARTED,0,Fake P300,
1699632116097580300,142918.8941458,16:01:56:097580,VECTOR 0 STOPPED,,,
1699632119346913500,142922.1429008,16:01:59:346914,H,,,
1699632124530398800,142927.3263495,16:02:04:530399,VECTOR_1 STARTED,1,Index of Time and Change que 2:10,
1699632125778624000,142928.574607,16:02:05:778624,P300:1200,1,Index of Time and Change que 2:10,
1699632126789024900,142929.5849183,16:02:06:789025,P300:1200,1,Index of Time and Change que 2:10,
1699632127799938600,142930.5959632,16:02:07:799939,P300:1200,1,Index of Time and Change que 2:10,
1699632128810350500,142931.606938,16:02:08:810351,P300:1200,1,Index of Time and Change que 2:10,
1699632129359960500,142932.1557316,16:02:09:359961,H,1,Index of Time and Change que 2:10,
1699632129822046000,142932.6178705,16:02:09:822046,P300:1200,1,Index of Time and Change que 2:10,
1699632130832882300,142933.6288279,16:02:10:832882,P300:1200,1,Index of Time and Change que 2:10,
1699632131848432400,142934.644978,16:02:11:848432,P300:1000,1,Index of Time and Change que 2:10,
1699632132859974300,142935.6559105,16:02:12:859974,P300:1200,1,Index of Time and Change que 2:10,
1699632133870883500,142936.6668393,16:02:13:870883,P300:1200,1,Index of Time and Change que 2:10,
1699632134881255600,142937.6778199,16:02:14:881256,P300:1200,1,Index of Time and Change que 2:10,
1699632135893135900,142938.6892789,16:02:15:893136,P300:1200,1,Index of Time and Change que 2:10,
1699632136903158600,142939.6989707,16:02:16:903158,P300:1000,1,Index of Time and Change que 2:10,
1699632137914140100,142940.7099204,16:02:17:914140,P300:1200,1,Index of Time and Change que 2:10,
1699632138923330700,142941.7198336,16:02:18:923331,P300:1000,1,Index of Time and Change que 2:10,
1699632139371640400,142942.1673972,16:02:19:371640,H,1,Index of Time and Change que 2:10,
1699632139937508300,142942.7338262,16:02:19:937508,P300:1200,1,Index of Time and Change que 2:10,
1699632140948183900,142943.7439504,16:02:20:948184,P300:1000,1,Index of Time and Change que 2:10,
1699632141959185500,142944.7552292,16:02:21:959185,P300:1200,1,Index of Time and Change que 2:10,
1699632142969368100,142945.7658258,16:02:22:969368,P300:1200,1,Index of Time and Change que 2:10,
1699632143981235900,142946.7776763,16:02:23:981236,P300:1200,1,Index of Time and Change que 2:10,
1699632144995255700,142947.7918289,16:02:24:995256,P300:1200,1,Index of Time and Change que 2:10,
1699632146014898300,142948.8108276,16:02:26:014898,P300:1200,1,Index of Time and Change que 2:10,
1699632147025073000,142949.8209142,16:02:27:025073,P300:1200,1,Index of Time and Change que 2:10,
1699632148035277900,142950.8318683,16:02:28:035278,P300:1200,1,Index of Time and Change que 2:10,
1699632149049985700,142951.8459428,16:02:29:049986,P300:1200,1,Index of Time and Change que 2:10,
1699632149392350900,142952.1881346,16:02:29:392351,H,1,Index of Time and Change que 2:10,
1699632150061129200,142952.8568658,16:02:30:061129,P300:1000,1,Index of Time and Change que 2:10,
1699632151071842600,142953.8679232,16:02:31:071843,P300:1200,1,Index of Time and Change que 2:10,
1699632152084050900,142954.8801983,16:02:32:084051,P300:1000,1,Index of Time and Change que 2:10,
1699632153093812000,142955.8900841,16:02:33:093812,P300:1200,1,Index of Time and Change que 2:10,
1699632154103800400,142956.9003032,16:02:34:103800,P300:1000,1,Index of Time and Change que 2:10,
1699632155113903600,142957.9099324,16:02:35:113904,P300:1200,1,Index of Time and Change que 2:10,
1699632156123825600,142958.9199805,16:02:36:123826,P300:1000,1,Index of Time and Change que 2:10,
1699632157134547800,142959.9302121,16:02:37:134548,P300:1200,1,Index of Time and Change que 2:10,
1699632158152497200,142960.9488822,16:02:38:152497,P300:1000,1,Index of Time and Change que 2:10,
1699632159173215000,142961.9692163,16:02:39:173215,P300:1200,1,Index of Time and Change que 2:10,
1699632159403896000,142962.2001163,16:02:39:403896,H,1,Index of Time and Change que 2:10,
1699632160184789800,142962.980906,16:02:40:184790,P300:1200,1,Index of Time and Change que 2:10,
1699632161195395300,142963.9919093,16:02:41:195395,P300:1200,1,Index of Time and Change que 2:10,
1699632162206767300,142965.0029073,16:02:42:206767,P300:1000,1,Index of Time and Change que 2:10,
1699632163217975300,142966.0138284,16:02:43:217975,P300:1200,1,Index of Time and Change que 2:10,
1699632164229141000,142967.0248303,16:02:44:229141,P300:1000,1,Index of Time and Change que 2:10,
1699632165239250800,142968.0353422,16:02:45:239251,P300:1200,1,Index of Time and Change que 2:10,
1699632166250637900,142969.0464144,16:02:46:250638,P300:1000,1,Index of Time and Change que 2:10,
1699632167265252400,142970.0618338,16:02:47:265252,P300:1200,1,Index of Time and Change que 2:10,
1699632168276513500,142971.0728414,16:02:48:276514,P300:1200,1,Index of Time and Change que 2:10,
1699632169289883700,142972.085899,16:02:49:289884,P300:1200,1,Index of Time and Change que 2:10,
1699632169425671200,142972.2216862,16:02:49:425671,H,1,Index of Time and Change que 2:10,
1699632170301263800,142973.0969806,16:02:50:301264,P300:1200,1,Index of Time and Change que 2:10,
1699632171312036900,142974.1079689,16:02:51:312037,P300:1000,1,Index of Time and Change que 2:10,
1699632172323140300,142975.1188298,16:02:52:323140,P300:1200,1,Index of Time and Change que 2:10,
1699632173333187400,142976.1290366,16:02:53:333187,P300:1200,1,Index of Time and Change que 2:10,
1699632174342754700,142977.1388306,16:02:54:342755,P300:1200,1,Index of Time and Change que 2:10,
1699632175352619300,142978.1488758,16:02:55:352619,P300:1200,1,Index of Time and Change que 2:10,
1699632176370394100,142979.1668299,16:02:56:370394,P300:1200,1,Index of Time and Change que 2:10,
1699632177381757800,142980.1778949,16:02:57:381758,P300:1200,1,Index of Time and Change que 2:10,
1699632178392322700,142981.1883454,16:02:58:392323,P300:1200,1,Index of Time and Change que 2:10,
1699632179402887600,142982.1989301,16:02:59:402888,P300:1000,1,Index of Time and Change que 2:10,
1699632179454053900,142982.2497693,16:02:59:454054,H,1,Index of Time and Change que 2:10,
1699632180414037000,142983.210274,16:03:00:414037,P300:1200,1,Index of Time and Change que 2:10,
1699632181424658900,142984.2208357,16:03:01:424659,P300:1200,1,Index of Time and Change que 2:10,
1699632182437125100,142985.2328283,16:03:02:437125,P300:1200,1,Index of Time and Change que 2:10,
1699632183452908800,142986.249303,16:03:03:452909,P300:1200,1,Index of Time and Change que 2:10,
1699632184463951300,142987.2598491,16:03:04:463951,P300:1200,1,Index of Time and Change que 2:10,
1699632185475362700,142988.2718397,16:03:05:475363,P300:1200,1,Index of Time and Change que 2:10,
1699632186487269500,142989.2838363,16:03:06:487269,P300:1200,1,Index of Time and Change que 2:10,
1699632187497282200,142990.2939093,16:03:07:497282,P300:1200,1,Index of Time and Change que 2:10,
1699632188508427600,142991.3050044,16:03:08:508428,P300:1200,1,Index of Time and Change que 2:10,
1699632189465882100,142992.2619605,16:03:09:465882,H,1,Index of Time and Change que 2:10,
1699632189520212700,142992.3158696,16:03:09:520213,P300:1200,1,Index of Time and Change que 2:10,
1699632190532491000,142993.328837,16:03:10:532491,P300:1200,1,Index of Time and Change que 2:10,
1699632191545829400,142994.3419329,16:03:11:545829,P300:1200,1,Index of Time and Change que 2:10,
1699632192557040600,142995.3531765,16:03:12:557041,P300:1200,1,Index of Time and Change que 2:10,
1699632193567865500,142996.3638219,16:03:13:567866,P300:1200,1,Index of Time and Change que 2:10,
1699632194577743300,142997.3738247,16:03:14:577743,P300:1000,1,Index of Time and Change que 2:10,
1699632195587300200,142998.3839069,16:03:15:587300,P300:1200,1,Index of Time and Change que 2:10,
1699632196598137200,142999.3940218,16:03:16:598137,P300:1200,1,Index of Time and Change que 2:10,
1699632197607490100,143000.4038538,16:03:17:607490,P300:1200,1,Index of Time and Change que 2:10,
1699632198620914900,143001.4175063,16:03:18:620915,P300:1200,1,Index of Time and Change que 2:10,
1699632199479149700,143002.2752016,16:03:19:479150,H,1,Index of Time and Change que 2:10,
1699632199631364400,143002.4278275,16:03:19:631364,P300:1200,1,Index of Time and Change que 2:10,
1699632200642879900,143003.4388905,16:03:20:642880,P300:1200,1,Index of Time and Change que 2:10,
1699632201654093800,143004.4498285,16:03:21:654094,P300:1000,1,Index of Time and Change que 2:10,
1699632202663664200,143005.4598262,16:03:22:663664,P300:1200,1,Index of Time and Change que 2:10,
1699632203673792300,143006.4698302,16:03:23:673792,P300:1200,1,Index of Time and Change que 2:10,
1699632204684998100,143007.4811937,16:03:24:684998,P300:1200,1,Index of Time and Change que 2:10,
1699632205695594300,143008.491822,16:03:25:695594,P300:1000,1,Index of Time and Change que 2:10,
1699632206705309600,143009.5018273,16:03:26:705310,P300:1200,1,Index of Time and Change que 2:10,
1699632207716181600,143010.5118449,16:03:27:716182,P300:1200,1,Index of Time and Change que 2:10,
1699632208727251300,143011.5238287,16:03:28:727251,P300:1200,1,Index of Time and Change que 2:10,
1699632209491377600,143012.2870865,16:03:29:491378,H,1,Index of Time and Change que 2:10,
1699632209737983800,143012.5340022,16:03:29:737984,P300:1200,1,Index of Time and Change que 2:10,
1699632210749051800,143013.5450707,16:03:30:749052,P300:1200,1,Index of Time and Change que 2:10,
1699632211759937400,143014.5559816,16:03:31:759937,P300:1000,1,Index of Time and Change que 2:10,
1699632212769304500,143015.5658287,16:03:32:769305,P300:1200,1,Index of Time and Change que 2:10,
1699632213780888600,143016.5768254,16:03:33:780889,P300:1000,1,Index of Time and Change que 2:10,
1699632214790579100,143017.5868949,16:03:34:790579,P300:1200,1,Index of Time and Change que 2:10,
1699632215800376800,143018.5968234,16:03:35:800377,P300:1000,1,Index of Time and Change que 2:10,
1699632216810915800,143019.6068764,16:03:36:810916,P300:1200,1,Index of Time and Change que 2:10,
1699632217820913000,143020.6171658,16:03:37:820913,P300:1200,1,Index of Time and Change que 2:10,
1699632218833136000,143021.6291552,16:03:38:833136,P300:1200,1,Index of Time and Change que 2:10,
1699632219507023500,143022.3027615,16:03:39:507024,H,1,Index of Time and Change que 2:10,
1699632219844099600,143022.6399589,16:03:39:844100,P300:1200,1,Index of Time and Change que 2:10,
1699632220854994900,143023.6508299,16:03:40:854995,P300:1200,1,Index of Time and Change que 2:10,
1699632221865091900,143024.6608923,16:03:41:865092,P300:1200,1,Index of Time and Change que 2:10,
1699632222875918400,143025.6718679,16:03:42:875918,P300:1200,1,Index of Time and Change que 2:10,
1699632223890943400,143026.6868296,16:03:43:890944,P300:1200,1,Index of Time and Change que 2:10,
1699632224901432500,143027.6978957,16:03:44:901433,P300:1200,1,Index of Time and Change que 2:10,
1699632225912208800,143028.7088282,16:03:45:912209,P300:1200,1,Index of Time and Change que 2:10,
1699632226922439500,143029.718909,16:03:46:922439,P300:1200,1,Index of Time and Change que 2:10,
1699632227932935100,143030.7291289,16:03:47:932935,P300:1200,1,Index of Time and Change que 2:10,
1699632228942771900,143031.739399,16:03:48:942772,P300:1200,1,Index of Time and Change que 2:10,
1699632229520499800,143032.3162104,16:03:49:520500,H,1,Index of Time and Change que 2:10,
1699632229953839800,143032.7498278,16:03:49:953840,P300:1200,1,Index of Time and Change que 2:10,
1699632230963693300,143033.7598903,16:03:50:963693,P300:1200,1,Index of Time and Change que 2:10,
1699632231975159500,143034.7708394,16:03:51:975160,P300:1200,1,Index of Time and Change que 2:10,
1699632232985243000,143035.7809476,16:03:52:985243,P300:1200,1,Index of Time and Change que 2:10,
1699632233996381800,143036.7920612,16:03:53:996382,P300:1200,1,Index of Time and Change que 2:10,
1699632235006166200,143037.8020794,16:03:55:006166,P300:1200,1,Index of Time and Change que 2:10,
1699632236017002600,143038.8129485,16:03:56:017003,P300:1200,1,Index of Time and Change que 2:10,
1699632237027991100,143039.8238289,16:03:57:027991,P300:1200,1,Index of Time and Change que 2:10,
1699632238038739100,143040.8348277,16:03:58:038739,P300:1000,1,Index of Time and Change que 2:10,
1699632239050029800,143041.8458868,16:03:59:050030,P300:1200,1,Index of Time and Change que 2:10,
1699632239531659300,143042.3277741,16:03:59:531659,H,1,Index of Time and Change que 2:10,
1699632240059584500,143042.8559115,16:04:00:059585,P300:1200,1,Index of Time and Change que 2:10,
1699632241070373000,143043.8668296,16:04:01:070373,P300:1200,1,Index of Time and Change que 2:10,
1699632242080776400,143044.8768242,16:04:02:080776,P300:1200,1,Index of Time and Change que 2:10,
1699632243090326200,143045.8868332,16:04:03:090326,P300:1200,1,Index of Time and Change que 2:10,
1699632244101737200,143046.8978919,16:04:04:101737,P300:1200,1,Index of Time and Change que 2:10,
1699632245112151100,143047.9080667,16:04:05:112151,P300:1200,1,Index of Time and Change que 2:10,
1699632246122972800,143048.9189746,16:04:06:122973,P300:1200,1,Index of Time and Change que 2:10,
1699632247134138700,143049.9298284,16:04:07:134139,P300:1200,1,Index of Time and Change que 2:10,
1699632248144371200,143050.9401165,16:04:08:144371,P300:1200,1,Index of Time and Change que 2:10,
1699632249154892800,143051.9508389,16:04:09:154893,P300:1200,1,Index of Time and Change que 2:10,
1699632249544538200,143052.3402409,16:04:09:544538,H,1,Index of Time and Change que 2:10,
1699632250165263400,143052.9618274,16:04:10:165263,P300:1200,1,Index of Time and Change que 2:10,
1699632251176162200,143053.9720515,16:04:11:176162,P300:1200,1,Index of Time and Change que 2:10,
1699632252187102100,143054.9834697,16:04:12:187102,P300:1200,1,Index of Time and Change que 2:10,
1699632253203003400,143055.9989675,16:04:13:203003,P300:1200,1,Index of Time and Change que 2:10,
1699632254214076300,143057.0099438,16:04:14:214077,P300:1200,1,Index of Time and Change que 2:10,
1699632255223673800,143058.0198357,16:04:15:223674,P300:1200,1,Index of Time and Change que 2:10,
1699632256236185700,143059.0321177,16:04:16:236186,P300:1200,1,Index of Time and Change que 2:10,
1699632257246150900,143060.0419437,16:04:17:246151,P300:1000,1,Index of Time and Change que 2:10,
1699632258255855200,143061.0518279,16:04:18:255855,P300:1200,1,Index of Time and Change que 2:10,
1699632259265967300,143062.0618261,16:04:19:265967,P300:1200,1,Index of Time and Change que 2:10,
1699632259555953100,143062.3521588,16:04:19:555953,H,1,Index of Time and Change que 2:10,
1699632260276088500,143063.0719196,16:04:20:276088,P300:1000,1,Index of Time and Change que 2:10,
1699632261285267000,143064.0818265,16:04:21:285267,P300:1200,1,Index of Time and Change que 2:10,
1699632262297151300,143065.0931932,16:04:22:297151,P300:1000,1,Index of Time and Change que 2:10,
1699632263307586000,143066.104009,16:04:23:307586,P300:1200,1,Index of Time and Change que 2:10,
1699632264317245000,143067.1138401,16:04:24:317245,P300:1200,1,Index of Time and Change que 2:10,
1699632265330014300,143068.1258887,16:04:25:330014,P300:1200,1,Index of Time and Change que 2:10,
1699632266340144400,143069.1358964,16:04:26:340144,P300:1200,1,Index of Time and Change que 2:10,
1699632267351240700,143070.1478308,16:04:27:351241,P300:1000,1,Index of Time and Change que 2:10,
1699632268366975700,143071.1628247,16:04:28:366976,P300:1200,1,Index of Time and Change que 2:10,
1699632269377127800,143072.1728301,16:04:29:377128,P300:1200,1,Index of Time and Change que 2:10,
1699632269568918400,143072.3646301,16:04:29:568918,H,1,Index of Time and Change que 2:10,
1699632270386356300,143073.1828309,16:04:30:386356,P300:1200,1,Index of Time and Change que 2:10,
1699632271397042300,143074.1928261,16:04:31:397042,P300:1200,1,Index of Time and Change que 2:10,
1699632272406667200,143075.2029016,16:04:32:406667,P300:1200,1,Index of Time and Change que 2:10,
1699632273416489100,143076.2128276,16:04:33:416489,P300:1200,1,Index of Time and Change que 2:10,
1699632274427001600,143077.2229224,16:04:34:427002,P300:1200,1,Index of Time and Change que 2:10,
1699632275438214700,143078.2339219,16:04:35:438215,P300:1000,1,Index of Time and Change que 2:10,
1699632276447619500,143079.2441969,16:04:36:447620,P300:1200,1,Index of Time and Change que 2:10,
1699632277461981500,143080.2578279,16:04:37:461982,P300:1200,1,Index of Time and Change que 2:10,
1699632278472213800,143081.268098,16:04:38:472214,P300:1200,1,Index of Time and Change que 2:10,
1699632279481919200,143082.2778953,16:04:39:481919,P300:1200,1,Index of Time and Change que 2:10,
1699632279589982100,143082.3856607,16:04:39:589982,H,1,Index of Time and Change que 2:10,
1699632280492218200,143083.2878914,16:04:40:492218,P300:1200,1,Index of Time and Change que 2:10,
1699632281508807000,143084.3048911,16:04:41:508807,P300:1200,1,Index of Time and Change que 2:10,
1699632282518270300,143085.314847,16:04:42:518270,P300:1200,1,Index of Time and Change que 2:10,
1699632283530114900,143086.325914,16:04:43:530115,P300:1000,1,Index of Time and Change que 2:10,
1699632284541256500,143087.337052,16:04:44:541256,P300:1200,1,Index of Time and Change que 2:10,
1699632285552867300,143088.3489149,16:04:45:552867,P300:1200,1,Index of Time and Change que 2:10,
1699632286563930400,143089.3598274,16:04:46:563930,P300:1200,1,Index of Time and Change que 2:10,
1699632287574212600,143090.3699043,16:04:47:574213,P300:1000,1,Index of Time and Change que 2:10,
1699632288584850700,143091.3808306,16:04:48:584851,P300:1200,1,Index of Time and Change que 2:10,
1699632289602464300,143092.3981345,16:04:49:602464,H,1,Index of Time and Change que 2:10,
1699632289594318200,143092.3908264,16:04:49:594318,P300:1200,1,Index of Time and Change que 2:10,
1699632290610203900,143093.4062177,16:04:50:610204,P300:1000,1,Index of Time and Change que 2:10,
1699632291625048400,143094.4208318,16:04:51:625048,P300:1200,1,Index of Time and Change que 2:10,
1699632292634988100,143095.4309309,16:04:52:634988,P300:1200,1,Index of Time and Change que 2:10,
1699632293645249400,143096.4411421,16:04:53:645249,P300:1200,1,Index of Time and Change que 2:10,
1699632294655724600,143097.4520713,16:04:54:655725,P300:1200,1,Index of Time and Change que 2:10,
1699632295666381000,143098.4628248,16:04:55:666381,P300:1200,1,Index of Time and Change que 2:10,
1699632296676432900,143099.4730181,16:04:56:676433,P300:1000,1,Index of Time and Change que 2:10,
1699632297687840000,143100.4838955,16:04:57:687840,P300:1200,1,Index of Time and Change que 2:10,
1699632298697332600,143101.4938292,16:04:58:697332,P300:1200,1,Index of Time and Change que 2:10,
1699632299605392400,143102.4010659,16:04:59:605392,H,1,Index of Time and Change que 2:10,
1699632299707493400,143102.50401,16:04:59:707493,P300:1200,1,Index of Time and Change que 2:10,
1699632300718446800,143103.5149711,16:05:00:718447,P300:1200,1,Index of Time and Change que 2:10,
1699632301730218200,143104.5258951,16:05:01:730218,P300:1000,1,Index of Time and Change que 2:10,
1699632302740152200,143105.5359028,16:05:02:740152,P300:1200,1,Index of Time and Change que 2:10,
1699632303749779100,143106.5458709,16:05:03:749779,P300:1200,1,Index of Time and Change que 2:10,
1699632304761208400,143107.5570461,16:05:04:761208,P300:1200,1,Index of Time and Change que 2:10,
1699632305772138500,143108.5679171,16:05:05:772139,P300:1200,1,Index of Time and Change que 2:10,
1699632306782843100,143109.5790155,16:05:06:782843,P300:1200,1,Index of Time and Change que 2:10,
1699632307792590600,143110.5889033,16:05:07:792591,P300:1200,1,Index of Time and Change que 2:10,
1699632308809040800,143111.6048314,16:05:08:809041,P300:1200,1,Index of Time and Change que 2:10,
1699632309617557700,143112.4132743,16:05:09:617558,H,1,Index of Time and Change que 2:10,
1699632309819636800,143112.616143,16:05:09:819637,P300:1200,1,Index of Time and Change que 2:10,
1699632310831173300,143113.6269929,16:05:10:831173,P300:1200,1,Index of Time and Change que 2:10,
1699632311841485800,143114.6380744,16:05:11:841486,P300:1200,1,Index of Time and Change que 2:10,
1699632312852957500,143115.6488303,16:05:12:852957,P300:1200,1,Index of Time and Change que 2:10,
1699632313864161000,143116.6598335,16:05:13:864161,P300:1200,1,Index of Time and Change que 2:10,
1699632314874059200,143117.669897,16:05:14:874059,P300:1200,1,Index of Time and Change que 2:10,
1699632315891072300,143118.6868274,16:05:15:891072,P300:1200,1,Index of Time and Change que 2:10,
1699632316901517800,143119.6978284,16:05:16:901518,P300:1200,1,Index of Time and Change que 2:10,
1699632317911431700,143120.7078301,16:05:17:911432,P300:1200,1,Index of Time and Change que 2:10,
1699632318921803700,143121.7178271,16:05:18:921804,P300:1200,1,Index of Time and Change que 2:10,
1699632319629358800,143122.4250776,16:05:19:629359,H,1,Index of Time and Change que 2:10,
1699632319937223100,143122.7338205,16:05:19:937223,P300:1200,1,Index of Time and Change que 2:10,
1699632320947226300,143123.7438274,16:05:20:947226,P300:1200,1,Index of Time and Change que 2:10,
1699632321958858900,143124.755082,16:05:21:958859,P300:1200,1,Index of Time and Change que 2:10,
1699632322968529300,143125.7648407,16:05:22:968529,P300:1000,1,Index of Time and Change que 2:10,
1699632323979143400,143126.7749822,16:05:23:979143,P300:1200,1,Index of Time and Change que 2:10,
1699632324989841400,143127.7860745,16:05:24:989841,P300:1000,1,Index of Time and Change que 2:10,
1699632326000837700,143128.7968238,16:05:26:000838,P300:1200,1,Index of Time and Change que 2:10,
1699632327011219400,143129.806887,16:05:27:011220,P300:1000,1,Index of Time and Change que 2:10,
1699632328021166000,143130.81683,16:05:28:021166,P300:1200,1,Index of Time and Change que 2:10,
1699632329031140000,143131.8268327,16:05:29:031140,P300:1200,1,Index of Time and Change que 2:10,
1699632329641970600,143132.4376478,16:05:29:641971,H,1,Index of Time and Change que 2:10,
1699632330040226700,143132.8368254,16:05:30:040227,P300:1200,1,Index of Time and Change que 2:10,
1699632331051651100,143133.8480152,16:05:31:051651,P300:1200,1,Index of Time and Change que 2:10,
1699632332064087900,143134.8598257,16:05:32:064088,P300:1000,1,Index of Time and Change que 2:10,
1699632333074775600,143135.8708444,16:05:33:074775,P300:1200,1,Index of Time and Change que 2:10,
1699632334086219200,143136.8818944,16:05:34:086219,P300:1200,1,Index of Time and Change que 2:10,
1699632335096093100,143137.8921236,16:05:35:096093,P300:1200,1,Index of Time and Change que 2:10,
1699632336106836200,143138.9028317,16:05:36:106836,P300:1200,1,Index of Time and Change que 2:10,
1699632337116809600,143139.9128935,16:05:37:116810,P300:1200,1,Index of Time and Change que 2:10,
1699632338127045400,143140.9228284,16:05:38:127045,P300:1200,1,Index of Time and Change que 2:10,
1699632339136969400,143141.9328281,16:05:39:136970,P300:1200,1,Index of Time and Change que 2:10,
1699632339653316100,143142.4492282,16:05:39:653316,H,1,Index of Time and Change que 2:10,
1699632340147220200,143142.942952,16:05:40:147220,P300:1200,1,Index of Time and Change que 2:10,
1699632341156725900,143143.952828,16:05:41:156726,P300:1200,1,Index of Time and Change que 2:10,
1699632342168061700,143144.9638641,16:05:42:168062,P300:1000,1,Index of Time and Change que 2:10,
1699632343177251100,143145.9738636,16:05:43:177251,P300:1200,1,Index of Time and Change que 2:10,
1699632344187407200,143146.9838964,16:05:44:187407,P300:1200,1,Index of Time and Change que 2:10,
1699632345197843300,143147.9941396,16:05:45:197843,P300:1200,1,Index of Time and Change que 2:10,
1699632346207288200,143149.0038281,16:05:46:207288,P300:1200,1,Index of Time and Change que 2:10,
1699632347217800300,143150.0138278,16:05:47:217800,P300:1000,1,Index of Time and Change que 2:10,
1699632348229098400,143151.0249139,16:05:48:229099,P300:1200,1,Index of Time and Change que 2:10,
1699632349238436800,143152.0348303,16:05:49:238437,P300:1000,1,Index of Time and Change que 2:10,
1699632349664969800,143152.4606805,16:05:49:664970,H,1,Index of Time and Change que 2:10,
1699632350249424200,143153.0458638,16:05:50:249424,P300:1200,1,Index of Time and Change que 2:10,
1699632351260752600,143154.057099,16:05:51:260753,P300:1200,1,Index of Time and Change que 2:10,
1699632352271066200,143155.0670023,16:05:52:271066,P300:1000,1,Index of Time and Change que 2:10,
1699632353286111600,143156.0818551,16:05:53:286112,P300:1200,1,Index of Time and Change que 2:10,
1699632354295194500,143157.0918329,16:05:54:295195,P300:1000,1,Index of Time and Change que 2:10,
1699632355306206300,143158.1020494,16:05:55:306206,P300:1200,1,Index of Time and Change que 2:10,
1699632356316284100,143159.1128911,16:05:56:316284,P300:1000,1,Index of Time and Change que 2:10,
1699632357327529400,143160.1240505,16:05:57:327529,P300:1200,1,Index of Time and Change que 2:10,
1699632358342256500,143161.138835,16:05:58:342256,P300:1200,1,Index of Time and Change que 2:10,
1699632359354147300,143162.1498334,16:05:59:354147,P300:1000,1,Index of Time and Change que 2:10,
1699632359677626500,143162.4733339,16:05:59:677627,H,1,Index of Time and Change que 2:10,
1699632360364150100,143163.1598292,16:06:00:364150,P300:1200,1,Index of Time and Change que 2:10,
1699632361373486900,143164.1698212,16:06:01:373487,P300:1000,1,Index of Time and Change que 2:10,
1699632362384934000,143165.1809059,16:06:02:384934,P300:1200,1,Index of Time and Change que 2:10,
1699632363395339300,143166.1918264,16:06:03:395339,P300:1000,1,Index of Time and Change que 2:10,
1699632364405550600,143167.2018263,16:06:04:405550,P300:1200,1,Index of Time and Change que 2:10,
1699632365416168800,143168.2118319,16:06:05:416169,P300:1000,1,Index of Time and Change que 2:10,
1699632366427064500,143169.2228276,16:06:06:427065,P300:1200,1,Index of Time and Change que 2:10,
1699632367436386100,143170.2329245,16:06:07:436386,P300:1200,1,Index of Time and Change que 2:10,
1699632368448205600,143171.2448292,16:06:08:448205,P300:1200,1,Index of Time and Change que 2:10,
1699632369459023000,143172.2548294,16:06:09:459023,P300:1200,1,Index of Time and Change que 2:10,
1699632369689007700,143172.4847551,16:06:09:689008,H,1,Index of Time and Change que 2:10,
1699632370468667100,143173.2648251,16:06:10:468667,P300:1200,1,Index of Time and Change que 2:10,
1699632371478197600,143174.2748224,16:06:11:478198,P300:1200,1,Index of Time and Change que 2:10,
1699632372488264800,143175.2848283,16:06:12:488265,P300:1200,1,Index of Time and Change que 2:10,
1699632373498772700,143176.2949083,16:06:13:498773,P300:1200,1,Index of Time and Change que 2:10,
1699632374509186600,143177.3050053,16:06:14:509187,P300:1200,1,Index of Time and Change que 2:10,
1699632375519880600,143178.3158577,16:06:15:519881,P300:1200,1,Index of Time and Change que 2:10,
1699632376535227800,143179.3309921,16:06:16:535228,P300:1200,1,Index of Time and Change que 2:10,
1699632377544931400,143180.3408277,16:06:17:544931,P300:1200,1,Index of Time and Change que 2:10,
1699632378555813800,143181.351897,16:06:18:555814,P300:1200,1,Index of Time and Change que 2:10,
1699632379567932000,143182.363829,16:06:19:567932,P300:1200,1,Index of Time and Change que 2:10,
1699632379699744100,143182.4961631,16:06:19:699744,H,1,Index of Time and Change que 2:10,
1699632380578253500,143183.3739628,16:06:20:578254,P300:1200,1,Index of Time and Change que 2:10,
1699632381587567500,143184.383865,16:06:21:587568,P300:1200,1,Index of Time and Change que 2:10,
1699632382597271500,143185.3938281,16:06:22:597271,P300:1000,1,Index of Time and Change que 2:10,
1699632383608334000,143186.4048241,16:06:23:608334,P300:1200,1,Index of Time and Change que 2:10,
1699632384619163000,143187.4148319,16:06:24:619163,P300:1200,1,Index of Time and Change que 2:10,
1699632385629056500,143188.4248276,16:06:25:629056,P300:1000,1,Index of Time and Change que 2:10,
1699632386639155700,143189.4350394,16:06:26:639156,P300:1200,1,Index of Time and Change que 2:10,
1699632387649856600,143190.445979,16:06:27:649857,P300:1000,1,Index of Time and Change que 2:10,
1699632388662335000,143191.4588676,16:06:28:662335,P300:1200,1,Index of Time and Change que 2:10,
1699632389673189900,143192.4688401,16:06:29:673190,P300:1000,1,Index of Time and Change que 2:10,
1699632389712113400,143192.5078309,16:06:29:712113,H,1,Index of Time and Change que 2:10,
1699632390683267200,143193.4798288,16:06:30:683267,P300:1200,1,Index of Time and Change que 2:10,
1699632391693690300,143194.4900062,16:06:31:693690,P300:1200,1,Index of Time and Change que 2:10,
1699632392704276400,143195.50091,16:06:32:704277,P300:1200,1,Index of Time and Change que 2:10,
1699632393715283600,143196.5118294,16:06:33:715284,P300:1200,1,Index of Time and Change que 2:10,
1699632394725404400,143197.5218326,16:06:34:725405,P300:1000,1,Index of Time and Change que 2:10,
1699632395736801000,143198.5328912,16:06:35:736801,P300:1200,1,Index of Time and Change que 2:10,
1699632396747092900,143199.5429185,16:06:36:747093,P300:1000,1,Index of Time and Change que 2:10,
1699632397762202600,143200.5579133,16:06:37:762203,P300:1200,1,Index of Time and Change que 2:10,
1699632398777750000,143201.5739607,16:06:38:777750,P300:1200,1,Index of Time and Change que 2:10,
1699632399723344900,143202.5199325,16:06:39:723345,H,1,Index of Time and Change que 2:10,
1699632399790743600,143202.5868628,16:06:39:790744,P300:1200,1,Index of Time and Change que 2:10,
1699632400802263200,143203.598822,16:06:40:802263,P300:1200,1,Index of Time and Change que 2:10,
1699632401812919300,143204.6088717,16:06:41:812919,P300:1000,1,Index of Time and Change que 2:10,
1699632402822705400,143205.6189031,16:06:42:822706,P300:1200,1,Index of Time and Change que 2:10,
1699632403841580900,143206.6378242,16:06:43:841581,P300:1000,1,Index of Time and Change que 2:10,
1699632404852979800,143207.6490783,16:06:44:852980,P300:1200,1,Index of Time and Change que 2:10,
1699632405863014400,143208.6589046,16:06:45:863014,P300:1200,1,Index of Time and Change que 2:10,
1699632406874048100,143209.6698622,16:06:46:874048,P300:1200,1,Index of Time and Change que 2:10,
1699632407883312000,143210.6798922,16:06:47:883312,P300:1000,1,Index of Time and Change que 2:10,
1699632408894705400,143211.6909053,16:06:48:894705,P300:1000,1,Index of Time and Change que 2:10,
1699632409737077800,143212.5334129,16:06:49:737078,H,1,Index of Time and Change que 2:10,
1699632409910695000,143212.7068481,16:06:49:910695,P300:1200,1,Index of Time and Change que 2:10,
1699632410921872700,143213.7178355,16:06:50:921873,P300:1000,1,Index of Time and Change que 2:10,
1699632411937567000,143214.7338235,16:06:51:937567,P300:1200,1,Index of Time and Change que 2:10,
1699632412948228700,143215.7448249,16:06:52:948229,P300:1200,1,Index of Time and Change que 2:10,
1699632413959707200,143216.7558292,16:06:53:959707,P300:1200,1,Index of Time and Change que 2:10,
1699632414970205100,143217.7658733,16:06:54:970205,P300:1000,1,Index of Time and Change que 2:10,
1699632415980336300,143218.7768662,16:06:55:980336,P300:1200,1,Index of Time and Change que 2:10,
1699632416991938100,143219.7878272,16:06:56:991938,P300:1000,1,Index of Time and Change que 2:10,
1699632418001456300,143220.797893,16:06:58:001456,P300:1200,1,Index of Time and Change que 2:10,
1699632419014955100,143221.8109989,16:06:59:014955,P300:1200,1,Index of Time and Change que 2:10,
1699632419749969900,143222.5460081,16:06:59:749970,H,1,Index of Time and Change que 2:10,
1699632420029046100,143222.8249137,16:07:00:029046,P300:1200,1,Index of Time and Change que 2:10,
1699632421038257900,143223.8348824,16:07:01:038258,P300:1200,1,Index of Time and Change que 2:10,
1699632422050137800,143224.8459746,16:07:02:050138,P300:1200,1,Index of Time and Change que 2:10,
1699632423067070200,143225.8628268,16:07:03:067070,P300:1200,1,Index of Time and Change que 2:10,
1699632424077863000,143226.8744741,16:07:04:077863,P300:1000,1,Index of Time and Change que 2:10,
1699632425092255600,143227.8880042,16:07:05:092256,P300:1200,1,Index of Time and Change que 2:10,
1699632426102868500,143228.8988292,16:07:06:102869,P300:1200,1,Index of Time and Change que 2:10,
1699632427118997700,143229.9148287,16:07:07:118998,P300:1200,1,Index of Time and Change que 2:10,
1699632428129219400,143230.9258305,16:07:08:129219,P300:1000,1,Index of Time and Change que 2:10,
1699632429761912300,143232.5578701,16:07:09:761912,H,1,Index of Time and Change que 2:10,
1699632429961946000,143232.758126,16:07:09:961946,VECTOR 1 STOPPED,,,
1699632439773556100,143242.569259,16:07:19:773556,H,,,
1699632449785870100,143252.5815998,16:07:29:785870,H,,,
1699632458624237800,143261.4200042,16:07:38:624238,TRANS:1600,2,Index of Breathing,"Siin, Ben, Guido, Matthias"
1699632459797033100,143262.5929809,16:07:39:797033,H,2,Index of Breathing,"Siin, Ben, Guido, Matthias"
1699632459834218000,143262.6308199,16:07:39:834218,TRANS:1600,2,Index of Breathing,"Siin, Ben, Guido, Matthias"
1699632461045687600,143263.8418295,16:07:41:045687,TRANS:1600,2,Index of Breathing,"Siin, Ben, Guido, Matthias"
1699632462257015100,143265.05282,16:07:42:257015,TRANS:1600,2,Index of Breathing,"Siin, Ben, Guido, Matthias"
1699632463467411200,143266.2638166,16:07:43:467411,TRANS:900,2,Index of Breathing,"Siin, Ben, Guido, Matthias"
1699632464479614000,143267.2755964,16:07:44:479614,VECTOR_2 STARTED,2,Index of Breathing,"Siin, Ben, Guido, Matthias"
1699632469811311200,143272.6070662,16:07:49:811311,H,2,Index of Breathing,"Siin, Ben, Guido, Matthias"
1699632479823412600,143282.6191199,16:07:59:823412,H,2,Index of Breathing,"Siin, Ben, Guido, Matthias"
1699632489834416200,143292.6303136,16:08:09:834416,H,2,Index of Breathing,"Siin, Ben, Guido, Matthias"
1699632499849523500,143302.6452374,16:08:19:849524,H,2,Index of Breathing,"Siin, Ben, Guido, Matthias"
1699632509860871400,143312.6574602,16:08:29:860871,H,2,Index of Breathing,"Siin, Ben, Guido, Matthias"
1699632519872730400,143322.6686162,16:08:39:872730,H,2,Index of Breathing,"Siin, Ben, Guido, Matthias"
1699632529887305400,143332.6830657,16:08:49:887305,H,2,Index of Breathing,"Siin, Ben, Guido, Matthias"
1699632539898607800,143342.694488,16:08:59:898608,H,2,Index of Breathing,"Siin, Ben, Guido, Matthias"
1699632549912007300,143352.7077335,16:09:09:912007,H,2,Index of Breathing,"Siin, Ben, Guido, Matthias"
1699632554501993800,143357.2976772,16:09:14:501994,VECTOR 2 STOPPED,,,
1699632555178848300,143357.9746766,16:09:15:178848,TRANS:1600,,,
1699632556388952200,143359.1848212,16:09:16:388952,TRANS:1600,,,
1699632557599260200,143360.3958223,16:09:17:599260,TRANS:1600,,,
1699632558810710100,143361.6068165,16:09:18:810710,TRANS:1600,,,
1699632559924648300,143362.7204135,16:09:19:924648,H,,,
1699632560021823000,143362.8178198,16:09:20:021823,TRANS:900,,,
1699632569938746400,143372.7344955,16:09:29:938746,H,,,
1699632577810728500,143380.6065835,16:09:37:810729,TRANS:1600,3,Spectrum of Sight,"Siin, Rachel, Ben, Matthias"
1699632579021692100,143381.8178241,16:09:39:021692,TRANS:1600,3,Spectrum of Sight,"Siin, Rachel, Ben, Matthias"
1699632579950800500,143382.7470636,16:09:39:950800,H,3,Spectrum of Sight,"Siin, Rachel, Ben, Matthias"
1699632580232756400,143383.0288183,16:09:40:232756,TRANS:1600,3,Spectrum of Sight,"Siin, Rachel, Ben, Matthias"
1699632581444167100,143384.2398297,16:09:41:444167,TRANS:1600,3,Spectrum of Sight,"Siin, Rachel, Ben, Matthias"
1699632582655304000,143385.4518295,16:09:42:655304,TRANS:900,3,Spectrum of Sight,"Siin, Rachel, Ben, Matthias"
1699632583667772200,143386.4642401,16:09:43:667772,VECTOR_3 STARTED,3,Spectrum of Sight,"Siin, Rachel, Ben, Matthias"
1699632589962167700,143392.7586734,16:09:49:962168,H,3,Spectrum of Sight,"Siin, Rachel, Ben, Matthias"
1699632599974067900,143402.7701112,16:09:59:974068,H,3,Spectrum of Sight,"Siin, Rachel, Ben, Matthias"
1699632609985618700,143412.7818424,16:10:09:985619,H,3,Spectrum of Sight,"Siin, Rachel, Ben, Matthias"
1699632620000925900,143422.7968538,16:10:20:000926,H,3,Spectrum of Sight,"Siin, Rachel, Ben, Matthias"
1699632630012693300,143432.8084974,16:10:30:012693,H,3,Spectrum of Sight,"Siin, Rachel, Ben, Matthias"
1699632640024283500,143442.8200427,16:10:40:024283,H,3,Spectrum of Sight,"Siin, Rachel, Ben, Matthias"
1699632650038169200,143452.8338928,16:10:50:038169,H,3,Spectrum of Sight,"Siin, Rachel, Ben, Matthias"
1699632660055497000,143462.8518038,16:11:00:055497,H,3,Spectrum of Sight,"Siin, Rachel, Ben, Matthias"
1699632670067652000,143472.8637652,16:11:10:067652,H,3,Spectrum of Sight,"Siin, Rachel, Ben, Matthias"
1699632673685223700,143476.4815471,16:11:13:685224,VECTOR 3 STOPPED,,,
1699632674218532800,143477.0145628,16:11:14:218533,TRANS:1600,,,
1699632675428253300,143478.2248155,16:11:15:428253,TRANS:1600,,,
1699632676638427900,143479.4348179,16:11:16:638428,TRANS:1600,,,
1699632677849078400,143480.6448149,16:11:17:849078,TRANS:1600,,,
1699632679059244300,143481.8558267,16:11:19:059244,TRANS:900,,,
1699632680085497100,143482.8812268,16:11:20:085497,H,,,
1699632690100805100,143492.8972725,16:11:30:100805,H,,,
1699632693962708200,143496.7585624,16:11:33:962708,TRANS:1600,4,Spectrum of Sounding,"Siin, Heni, Rachel, Ben, Matthias, Nathaniel"
1699632695173653500,143497.9698172,16:11:35:173654,TRANS:1600,4,Spectrum of Sounding,"Siin, Heni, Rachel, Ben, Matthias, Nathaniel"
1699632696384461300,143499.1808301,16:11:36:384461,TRANS:1600,4,Spectrum of Sounding,"Siin, Heni, Rachel, Ben, Matthias, Nathaniel"
1699632697594903600,143500.3908297,16:11:37:594903,TRANS:1600,4,Spectrum of Sounding,"Siin, Heni, Rachel, Ben, Matthias, Nathaniel"
1699632698805800300,143501.6018232,16:11:38:805800,TRANS:900,4,Spectrum of Sounding,"Siin, Heni, Rachel, Ben, Matthias, Nathaniel"
1699632699816756000,143502.6133687,16:11:39:816756,VECTOR_4 STARTED,4,Spectrum of Sounding,"Siin, Heni, Rachel, Ben, Matthias, Nathaniel"
1699632700114182700,143502.9098844,16:11:40:114183,H,4,Spectrum of Sounding,"Siin, Heni, Rachel, Ben, Matthias, Nathaniel"
1699632710126967400,143512.9229702,16:11:50:126967,H,4,Spectrum of Sounding,"Siin, Heni, Rachel, Ben, Matthias, Nathaniel"
1699632720140804100,143522.9366806,16:12:00:140804,H,4,Spectrum of Sounding,"Siin, Heni, Rachel, Ben, Matthias, Nathaniel"
1699632730152326400,143532.9486824,16:12:10:152326,H,4,Spectrum of Sounding,"Siin, Heni, Rachel, Ben, Matthias, Nathaniel"
1699632740165763400,143542.961576,16:12:20:165763,H,4,Spectrum of Sounding,"Siin, Heni, Rachel, Ben, Matthias, Nathaniel"
1699632750175951600,143552.9723743,16:12:30:175952,H,4,Spectrum of Sounding,"Siin, Heni, Rachel, Ben, Matthias, Nathaniel"
1699632760188156900,143562.9841406,16:12:40:188157,H,4,Spectrum of Sounding,"Siin, Heni, Rachel, Ben, Matthias, Nathaniel"
1699632770210725200,143573.0064947,16:12:50:210725,H,4,Spectrum of Sounding,"Siin, Heni, Rachel, Ben, Matthias, Nathaniel"
1699632780202461900,143582.9983982,16:13:00:202462,VECTOR 4 STOPPED,,,
1699632780202461900,143582.9982931,16:13:00:202462,TRANS:1600,,,
1699632780223416600,143583.0192577,16:13:00:223417,H,,,
1699632781412666500,143584.2088165,16:13:01:412667,TRANS:1600,,,
1699632782622456700,143585.4188287,16:13:02:622457,TRANS:1600,,,
1699632783833835000,143586.629818,16:13:03:833835,TRANS:1600,,,
1699632785043371400,143587.8398146,16:13:05:043371,TRANS:900,,,
1699632790234836900,143593.030686,16:13:10:234837,H,,,
1699632800246112900,143603.0422463,16:13:20:246113,H,,,
1699632810257573100,143613.0539993,16:13:30:257573,H,,,
1699632820273651300,143623.0693827,16:13:40:273651,H,,,
1699632822122020200,143624.9184965,16:13:42:122020,TRANS:1600,5,GROUP SOUND Index of Touching: Sites of Connection,
1699632823332688400,143626.1288159,16:13:43:332688,TRANS:1600,5,GROUP SOUND Index of Touching: Sites of Connection,
1699632824543482300,143627.339813,16:13:44:543482,TRANS:1600,5,GROUP SOUND Index of Touching: Sites of Connection,
1699632825754754700,143628.5508182,16:13:45:754755,TRANS:1600,5,GROUP SOUND Index of Touching: Sites of Connection,
1699632826965369300,143629.7610001,16:13:46:965369,TRANS:900,5,GROUP SOUND Index of Touching: Sites of Connection,
1699632827978420000,143630.7742101,16:13:47:978420,VECTOR_5.1 STARTED,5,GROUP SOUND Index of Touching: Sites of Connection,
1699632830287233200,143633.0829469,16:13:50:287233,H,5,GROUP SOUND Index of Touching: Sites of Connection,
1699632840298597400,143643.0946331,16:14:00:298597,H,5,GROUP SOUND Index of Touching: Sites of Connection,
1699632850309991400,143653.1064903,16:14:10:309991,H,5,GROUP SOUND Index of Touching: Sites of Connection,
1699632860332562500,143663.1290979,16:14:20:332562,H,5,GROUP SOUND Index of Touching: Sites of Connection,
1699632870343375900,143673.139842,16:14:30:343376,H,5,GROUP SOUND Index of Touching: Sites of Connection,
1699632880356752200,143683.1524637,16:14:40:356752,H,5,GROUP SOUND Index of Touching: Sites of Connection,
1699632890369604900,143693.1655618,16:14:50:369605,H,5,GROUP SOUND Index of Touching: Sites of Connection,
1699632900382799800,143703.1785296,16:15:00:382800,H,5,GROUP SOUND Index of Touching: Sites of Connection,
1699632910395561000,143713.1913019,16:15:10:395561,H,5,GROUP SOUND Index of Touching: Sites of Connection,
1699632920407639400,143723.2039831,16:15:20:407639,H,5,GROUP SOUND Index of Touching: Sites of Connection,
1699632930423981500,143733.2196937,16:15:30:423982,H,5,GROUP SOUND Index of Touching: Sites of Connection,
1699632940436364400,143743.2320443,16:15:40:436364,H,5,GROUP SOUND Index of Touching: Sites of Connection,
1699632947994386300,143750.7908597,16:15:47:994386,VECTOR 5.1 STOPPED,,,
1699632950447003600,143753.2435637,16:15:50:447004,H,,,
1699632950802330200,143753.5981945,16:15:50:802330,TRANS:1600,,,
1699632952012568100,143754.8088134,16:15:52:012568,TRANS:1600,,,
1699632953222220900,143756.0188183,16:15:53:222221,TRANS:1600,,,
1699632954432234600,143757.2288125,16:15:54:432235,TRANS:1600,,,
1699632955643070600,143758.4388218,16:15:55:643071,TRANS:900,,,
1699632960459554900,143763.2556471,16:16:00:459555,H,,,
1699632970472427200,143773.2681099,16:16:10:472427,H,,,
1699632977986207700,143780.7820164,16:16:17:986208,TRANS:1600,6,Index of Creativity,"Siin, Rachel"
1699632979196260600,143781.9928223,16:16:19:196261,TRANS:1600,6,Index of Creativity,"Siin, Rachel"
1699632980408229600,143783.2041352,16:16:20:408230,TRANS:1600,6,Index of Creativity,"Siin, Rachel"
1699632980483550000,143783.2799804,16:16:20:483550,H,6,Index of Creativity,"Siin, Rachel"
1699632981618300400,143784.4148185,16:16:21:618300,TRANS:1600,6,Index of Creativity,"Siin, Rachel"
1699632982830368600,143785.6268167,16:16:22:830369,TRANS:900,6,Index of Creativity,"Siin, Rachel"
1699632983841667000,143786.6381579,16:16:23:841667,VECTOR_6.1 STARTED,6,Index of Creativity,"Siin, Rachel"
1699632990495457200,143793.2919874,16:16:30:495457,H,6,Index of Creativity,"Siin, Rachel"
1699633000507136700,143803.3030746,16:16:40:507137,H,6,Index of Creativity,"Siin, Rachel"
1699633010517742200,143813.3141806,16:16:50:517742,H,6,Index of Creativity,"Siin, Rachel"
1699633020529234500,143823.3257232,16:17:00:529234,H,6,Index of Creativity,"Siin, Rachel"
1699633030542049200,143833.3382613,16:17:10:542049,H,6,Index of Creativity,"Siin, Rachel"
1699633040555464800,143843.3516797,16:17:20:555465,H,6,Index of Creativity,"Siin, Rachel"
1699633050566930300,143853.3630213,16:17:30:566930,H,6,Index of Creativity,"Siin, Rachel"
1699633060580020000,143863.3763952,16:17:40:580020,H,6,Index of Creativity,"Siin, Rachel"
1699633070592584700,143873.3885177,16:17:50:592585,H,6,Index of Creativity,"Siin, Rachel"
1699633073857349700,143876.6532579,16:17:53:857350,VECTOR 6.1 STOPPED,,,
1699633074938161500,143877.7341441,16:17:54:938161,TRANS:1600,,,
1699633076148187100,143878.9448136,16:17:56:148187,TRANS:1600,,,
1699633077358920800,143880.154816,16:17:57:358921,TRANS:1600,,,
1699633078568263400,143881.3648182,16:17:58:568264,TRANS:1600,,,
1699633079778192300,143882.5748134,16:17:59:778192,TRANS:900,,,
1699633080605227700,143883.4009554,16:18:00:605228,H,,,
1699633090616837100,143893.4129912,16:18:10:616837,H,,,
1699633100630322200,143903.4262532,16:18:20:630322,H,,,
1699633110645321300,143913.441071,16:18:30:645321,H,,,
1699633120657461300,143923.453193,16:18:40:657461,H,,,
1699633130670546300,143933.4662825,16:18:50:670546,H,,,
1699633140683796000,143943.480034,16:19:00:683796,H,,,
1699633150696839100,143953.4925294,16:19:10:696839,H,,,
1699633160715856900,143963.5115628,16:19:20:715857,H,,,
1699633170727625000,143973.5236778,16:19:30:727625,H,,,
1699633179962009500,143982.7580745,16:19:39:962010,TRANS:1600,7,GROUP SOUND Relational Compound [EEG sonification condition A - Abdominal Tango],Ben Matthias
1699633180748928800,143983.5446038,16:19:40:748929,H,7,GROUP SOUND Relational Compound [EEG sonification condition A - Abdominal Tango],Ben Matthias
1699633181173211000,143983.9698215,16:19:41:173211,TRANS:1600,7,GROUP SOUND Relational Compound [EEG sonification condition A - Abdominal Tango],Ben Matthias
1699633182384297300,143985.1808197,16:19:42:384297,TRANS:1600,7,GROUP SOUND Relational Compound [EEG sonification condition A - Abdominal Tango],Ben Matthias
1699633183595881500,143986.3918148,16:19:43:595881,TRANS:1600,7,GROUP SOUND Relational Compound [EEG sonification condition A - Abdominal Tango],Ben Matthias
1699633184806269700,143987.6028206,16:19:44:806270,TRANS:900,7,GROUP SOUND Relational Compound [EEG sonification condition A - Abdominal Tango],Ben Matthias
1699633185820594500,143988.6162773,16:19:45:820595,VECTOR_7 STARTED,7,GROUP SOUND Relational Compound [EEG sonification condition A - Abdominal Tango],Ben Matthias
1699633190761214000,143993.5570679,16:19:50:761214,H,7,GROUP SOUND Relational Compound [EEG sonification condition A - Abdominal Tango],Ben Matthias
1699633200778399000,144003.5748673,16:20:00:778399,H,7,GROUP SOUND Relational Compound [EEG sonification condition A - Abdominal Tango],Ben Matthias
1699633210793241200,144013.588914,16:20:10:793241,H,7,GROUP SOUND Relational Compound [EEG sonification condition A - Abdominal Tango],Ben Matthias
1699633220806090200,144023.6017937,16:20:20:806090,H,7,GROUP SOUND Relational Compound [EEG sonification condition A - Abdominal Tango],Ben Matthias
1699633230817858900,144033.6141092,16:20:30:817859,H,7,GROUP SOUND Relational Compound [EEG sonification condition A - Abdominal Tango],Ben Matthias
1699633240829164400,144043.6257569,16:20:40:829164,H,7,GROUP SOUND Relational Compound [EEG sonification condition A - Abdominal Tango],Ben Matthias
1699633250841916900,144053.6377011,16:20:50:841917,H,7,GROUP SOUND Relational Compound [EEG sonification condition A - Abdominal Tango],Ben Matthias
1699633260854900400,144063.650577,16:21:00:854901,H,7,GROUP SOUND Relational Compound [EEG sonification condition A - Abdominal Tango],Ben Matthias
1699633270865390400,144073.6618904,16:21:10:865390,H,7,GROUP SOUND Relational Compound [EEG sonification condition A - Abdominal Tango],Ben Matthias
1699633280878302700,144083.6741684,16:21:20:878303,H,7,GROUP SOUND Relational Compound [EEG sonification condition A - Abdominal Tango],Ben Matthias
1699633290891037300,144093.6868609,16:21:30:891037,H,7,GROUP SOUND Relational Compound [EEG sonification condition A - Abdominal Tango],Ben Matthias
1699633300903151200,144103.699313,16:21:40:903151,H,7,GROUP SOUND Relational Compound [EEG sonification condition A - Abdominal Tango],Ben Matthias
1699633310915320100,144113.7110423,16:21:50:915320,H,7,GROUP SOUND Relational Compound [EEG sonification condition A - Abdominal Tango],Ben Matthias
1699633320928248200,144123.7239329,16:22:00:928248,H,7,GROUP SOUND Relational Compound [EEG sonification condition A - Abdominal Tango],Ben Matthias
1699633330940125500,144133.7358742,16:22:10:940125,H,7,GROUP SOUND Relational Compound [EEG sonification condition A - Abdominal Tango],Ben Matthias
1699633335835654600,144138.6316587,16:22:15:835655,VECTOR 7 STOPPED,,,
1699633337202215900,144139.9979481,16:22:17:202216,TRANS:1600,,,
1699633338412276300,144141.2088233,16:22:18:412276,TRANS:1600,,,
1699633339624191900,144142.419855,16:22:19:624192,TRANS:1600,,,
1699633340842361900,144143.6388149,16:22:20:842362,TRANS:1600,,,
1699633340952027000,144143.7482727,16:22:20:952027,H,,,
1699633342052526000,144144.8488296,16:22:22:052526,TRANS:900,,,
1699633350964208600,144153.7599438,16:22:30:964209,H,,,
1699633360981011100,144163.7774614,16:22:40:981011,H,,,
1699633371018385700,144173.8149744,16:22:51:018386,H,,,
1699633372578219500,144175.3739092,16:22:52:578219,TRANS:1600,8,Index of Touching: Materiality ,Rachel Ben
1699633373788968800,144176.5848218,16:22:53:788969,TRANS:1600,8,Index of Touching: Materiality ,Rachel Ben
1699633374999350600,144177.7958178,16:22:54:999351,TRANS:1600,8,Index of Touching: Materiality ,Rachel Ben
1699633376210040400,144179.0058235,16:22:56:210040,TRANS:1600,8,Index of Touching: Materiality ,Rachel Ben
1699633377423905600,144180.2198952,16:22:57:423906,TRANS:900,8,Index of Touching: Materiality ,Rachel Ben
1699633378435403600,144181.231271,16:22:58:435404,VECTOR_5.2 STARTED,8,Index of Touching: Materiality ,Rachel Ben
1699633381031861000,144183.8278074,16:23:01:031861,H,8,Index of Touching: Materiality ,Rachel Ben
1699633391044906200,144193.8411835,16:23:11:044906,H,8,Index of Touching: Materiality ,Rachel Ben
1699633401056921900,144203.8526012,16:23:21:056922,H,8,Index of Touching: Materiality ,Rachel Ben
1699633411068214700,144213.8642494,16:23:31:068215,H,8,Index of Touching: Materiality ,Rachel Ben
1699633421082172500,144223.8778274,16:23:41:082172,H,8,Index of Touching: Materiality ,Rachel Ben
1699633431099976400,144233.8956601,16:23:51:099977,H,8,Index of Touching: Materiality ,Rachel Ben
1699633441111314700,144243.9076041,16:24:01:111315,H,8,Index of Touching: Materiality ,Rachel Ben
1699633451123107800,144253.9190201,16:24:11:123108,H,8,Index of Touching: Materiality ,Rachel Ben
1699633461134148800,144263.9308027,16:24:21:134149,H,8,Index of Touching: Materiality ,Rachel Ben
1699633471147649700,144273.9433581,16:24:31:147650,H,8,Index of Touching: Materiality ,Rachel Ben
1699633478954172400,144281.7498592,16:24:38:954172,VECTOR 5.2 STOPPED,,,
1699633478953186300,144281.7497781,16:24:38:953186,TRANS:1600,,,
1699633480165047100,144282.9608152,16:24:40:165047,TRANS:1600,,,
1699633481159097800,144283.9552132,16:24:41:159098,H,,,
1699633481375403700,144284.1718199,16:24:41:375404,TRANS:1600,,,
1699633482587052100,144285.3828339,16:24:42:587052,TRANS:1600,,,
1699633483798224800,144286.5948168,16:24:43:798225,TRANS:900,,,
1699633491173177100,144293.9689052,16:24:51:173177,H,,,
1699633501185413100,144303.9811456,16:25:01:185413,H,,,
1699633510034153200,144312.8299464,16:25:10:034153,TRANS:1600,9,GROUP SOUND Relational Compound [EEG sonification B - Abdominal Tango],Heni Siin
1699633511198040000,144313.9944906,16:25:11:198040,H,9,GROUP SOUND Relational Compound [EEG sonification B - Abdominal Tango],Heni Siin
1699633511246160100,144314.0418178,16:25:11:246160,TRANS:1600,9,GROUP SOUND Relational Compound [EEG sonification B - Abdominal Tango],Heni Siin
1699633512455896600,144315.251822,16:25:12:455897,TRANS:1600,9,GROUP SOUND Relational Compound [EEG sonification B - Abdominal Tango],Heni Siin
1699633513667271600,144316.4638167,16:25:13:667272,TRANS:1600,9,GROUP SOUND Relational Compound [EEG sonification B - Abdominal Tango],Heni Siin
1699633514877408300,144317.673818,16:25:14:877408,TRANS:900,9,GROUP SOUND Relational Compound [EEG sonification B - Abdominal Tango],Heni Siin
1699633515890166600,144318.6861509,16:25:15:890167,VECTOR_7 STARTED,9,GROUP SOUND Relational Compound [EEG sonification B - Abdominal Tango],Heni Siin
1699633521211802000,144324.0078221,16:25:21:211802,H,9,GROUP SOUND Relational Compound [EEG sonification B - Abdominal Tango],Heni Siin
1699633531223924700,144334.0196007,16:25:31:223925,H,9,GROUP SOUND Relational Compound [EEG sonification B - Abdominal Tango],Heni Siin
1699633541235697000,144344.0314042,16:25:41:235697,H,9,GROUP SOUND Relational Compound [EEG sonification B - Abdominal Tango],Heni Siin
1699633551248123400,144354.0440524,16:25:51:248123,H,9,GROUP SOUND Relational Compound [EEG sonification B - Abdominal Tango],Heni Siin
1699633561260006700,144364.0556525,16:26:01:260007,H,9,GROUP SOUND Relational Compound [EEG sonification B - Abdominal Tango],Heni Siin
1699633571271416700,144374.0671463,16:26:11:271417,H,9,GROUP SOUND Relational Compound [EEG sonification B - Abdominal Tango],Heni Siin
1699633581283046600,144384.0787755,16:26:21:283047,H,9,GROUP SOUND Relational Compound [EEG sonification B - Abdominal Tango],Heni Siin
1699633591295153200,144394.0914112,16:26:31:295153,H,9,GROUP SOUND Relational Compound [EEG sonification B - Abdominal Tango],Heni Siin
1699633601308195100,144404.1039193,16:26:41:308195,H,9,GROUP SOUND Relational Compound [EEG sonification B - Abdominal Tango],Heni Siin
1699633611320655300,144414.1163495,16:26:51:320655,H,9,GROUP SOUND Relational Compound [EEG sonification B - Abdominal Tango],Heni Siin
1699633621331094300,144424.1277112,16:27:01:331094,H,9,GROUP SOUND Relational Compound [EEG sonification B - Abdominal Tango],Heni Siin
1699633631344085400,144434.1398035,16:27:11:344085,H,9,GROUP SOUND Relational Compound [EEG sonification B - Abdominal Tango],Heni Siin
1699633641356630500,144444.1524551,16:27:21:356631,H,9,GROUP SOUND Relational Compound [EEG sonification B - Abdominal Tango],Heni Siin
1699633651368660100,144454.1645369,16:27:31:368660,H,9,GROUP SOUND Relational Compound [EEG sonification B - Abdominal Tango],Heni Siin
1699633661381207000,144464.1769253,16:27:41:381207,H,9,GROUP SOUND Relational Compound [EEG sonification B - Abdominal Tango],Heni Siin
1699633665908146000,144468.7038686,16:27:45:908146,VECTOR 7 STOPPED,,,
1699633667594285000,144470.3901628,16:27:47:594285,TRANS:1600,,,
1699633668805558700,144471.6018138,16:27:48:805559,TRANS:1600,,,
1699633670016407900,144472.8129067,16:27:50:016408,TRANS:1600,,,
1699633671227365300,144474.0238177,16:27:51:227365,TRANS:1600,,,
1699633671392703700,144474.189335,16:27:51:392704,H,,,
1699633672437591100,144475.2338185,16:27:52:437591,TRANS:900,,,
1699633681404581900,144484.2006836,16:28:01:404582,H,,,
1699633691416717700,144494.2124314,16:28:11:416718,H,,,
1699633691977464800,144494.774002,16:28:11:977465,TRANS:1600,10,Index of Composition,Nathaniel
1699633693189319700,144495.9858198,16:28:13:189320,TRANS:1600,10,Index of Composition,Nathaniel
1699633694405985300,144497.2018155,16:28:14:405985,TRANS:1600,10,Index of Composition,Nathaniel
1699633695617132700,144498.4128192,16:28:15:617133,TRANS:1600,10,Index of Composition,Nathaniel
1699633696827514500,144499.6238844,16:28:16:827515,TRANS:900,10,Index of Composition,Nathaniel
1699633697840125300,144500.6360643,16:28:17:840125,VECTOR_6.2 STARTED,10,Index of Composition,Nathaniel
1699633701429029100,144504.2248247,16:28:21:429029,H,10,Index of Composition,Nathaniel
1699633711447066600,144514.2434836,16:28:31:447067,H,10,Index of Composition,Nathaniel
1699633721461681500,144524.257387,16:28:41:461681,H,10,Index of Composition,Nathaniel
1699633731472993600,144534.2690197,16:28:51:472994,H,10,Index of Composition,Nathaniel
1699633741485292300,144544.2812211,16:29:01:485292,H,10,Index of Composition,Nathaniel
1699633751497067600,144554.2933296,16:29:11:497067,H,10,Index of Composition,Nathaniel
1699633761508955200,144564.3053135,16:29:21:508955,H,10,Index of Composition,Nathaniel
1699633771521827800,144574.318241,16:29:31:521828,H,10,Index of Composition,Nathaniel
1699633781535002700,144584.3307153,16:29:41:535003,H,10,Index of Composition,Nathaniel
1699633787855900600,144590.6516614,16:29:47:855901,VECTOR 6.2 STOPPED,,,
1699633789208985700,144592.0054561,16:29:49:208986,TRANS:1600,,,
1699633790418974500,144593.2148189,16:29:50:418974,TRANS:1600,,,
1699633791546959400,144594.3426979,16:29:51:546959,H,,,
1699633791628586000,144594.4248445,16:29:51:628586,TRANS:1600,,,
1699633792839938700,144595.6358255,16:29:52:839939,TRANS:1600,,,
1699633794050828600,144596.8468339,16:29:54:050828,TRANS:900,,,
1699633801558911400,144604.3550123,16:30:01:558912,H,,,
1699633811571073700,144614.3670481,16:30:11:571074,H,,,
1699633818473808500,144621.2700516,16:30:18:473808,TRANS:1600,11,Index of Touching: Squeezy Balls,
1699633819684980500,144622.4808209,16:30:19:684980,TRANS:1600,11,Index of Touching: Squeezy Balls,
1699633820895253800,144623.6918193,16:30:20:895254,TRANS:1600,11,Index of Touching: Squeezy Balls,
1699633821582637400,144624.37855,16:30:21:582637,H,11,Index of Touching: Squeezy Balls,
1699633822105258700,144624.9018144,16:30:22:105259,TRANS:1600,11,Index of Touching: Squeezy Balls,
1699633823315262000,144626.1118153,16:30:23:315262,TRANS:900,11,Index of Touching: Squeezy Balls,
1699633824327535600,144627.124166,16:30:24:327536,VECTOR_5.3 STARTED,11,Index of Touching: Squeezy Balls,
1699633831593626000,144634.3894198,16:30:31:593626,H,11,Index of Touching: Squeezy Balls,
1699633841606768500,144644.4030348,16:30:41:606768,H,11,Index of Touching: Squeezy Balls,
1699633851619855200,144654.4155888,16:30:51:619855,H,11,Index of Touching: Squeezy Balls,
1699633861633004000,144664.4296135,16:31:01:633004,H,11,Index of Touching: Squeezy Balls,
1699633869346879200,144672.1433956,16:31:09:346879,VECTOR 5.3 STOPPED,,,
1699633871353276800,144674.1496157,16:31:11:353277,TRANS:1600,,,
1699633871645895600,144674.4416192,16:31:11:645896,H,,,
1699633872564870600,144675.3608222,16:31:12:564871,TRANS:1600,,,
1699633873775191100,144676.5718199,16:31:13:775191,TRANS:1600,,,
1699633874986921100,144677.7828208,16:31:14:986921,TRANS:1600,,,
1699633876197518400,144678.9938526,16:31:16:197518,TRANS:900,,,
1699633881657804800,144684.4537211,16:31:21:657805,H,,,
1699633891671477100,144694.4677903,16:31:31:671477,H,,,
1699633901683148800,144704.4791681,16:31:41:683149,H,,,
1699633911697136500,144714.493369,16:31:51:697136,H,,,
1699633921719784400,144724.5157899,16:32:01:719784,H,,,
1699633931734447700,144734.5302064,16:32:11:734448,H,,,
1699633941745904500,144744.5422159,16:32:21:745904,H,,,
1699633951763836100,144754.5600007,16:32:31:763836,H,,,
1699633961775849700,144764.5720659,16:32:41:775850,H,,,
1699633971788007100,144774.5837322,16:32:51:788007,H,,,
1699633972840993800,144775.6372176,16:32:52:840994,VECTOR_8 STARTED,12,SOLO SOUND Single Compound,Nathaniel
1699633981801098600,144784.5970628,16:33:01:801099,H,12,SOLO SOUND Single Compound,Nathaniel
1699633991813766300,144794.6094762,16:33:11:813766,H,12,SOLO SOUND Single Compound,Nathaniel
1699634001825842800,144804.6217133,16:33:21:825843,H,12,SOLO SOUND Single Compound,Nathaniel
1699634011836861000,144814.632995,16:33:31:836861,H,12,SOLO SOUND Single Compound,Nathaniel
1699634021852232000,144824.6481364,16:33:41:852232,H,12,SOLO SOUND Single Compound,Nathaniel
1699634031864883100,144834.660709,16:33:51:864883,H,12,SOLO SOUND Single Compound,Nathaniel
1699634041875962500,144844.6722616,16:34:01:875963,H,12,SOLO SOUND Single Compound,Nathaniel
1699634051893904500,144854.6901983,16:34:11:893904,H,12,SOLO SOUND Single Compound,Nathaniel
1699634061918741800,144864.7144534,16:34:21:918742,H,12,SOLO SOUND Single Compound,Nathaniel
1699634071935818600,144874.7315676,16:34:31:935818,H,12,SOLO SOUND Single Compound,Nathaniel
1699634081954196400,144884.7499979,16:34:41:954196,H,12,SOLO SOUND Single Compound,Nathaniel
1699634091970710400,144894.7663921,16:34:51:970711,H,12,SOLO SOUND Single Compound,Nathaniel
1699634092854585400,144895.6507524,16:34:52:854585,VECTOR 8 STOPPED,,,
1699634101986914900,144904.7828538,16:35:01:986915,H,,,
1699634112002363000,144914.7983758,16:35:12:002363,H,,,
1699634122019726000,144924.81552,16:35:22:019726,H,,,
1699634132032249000,144934.8282383,16:35:32:032249,H,,,
1699634142046660600,144944.8424306,16:35:42:046661,H,,,
1699634152058711800,144954.8544639,16:35:52:058712,H,,,
1699634158712782600,144961.5090536,16:35:58:712783,VECTOR_9 STARTED,13,Reading 1,Rachel Ben
1699634162079362600,144964.8750765,16:36:02:079363,H,13,Reading 1,Rachel Ben
1699634172092958100,144974.8888595,16:36:12:092958,H,13,Reading 1,Rachel Ben
1699634182105678500,144984.9017413,16:36:22:105679,H,13,Reading 1,Rachel Ben
1699634192118899200,144994.914607,16:36:32:118899,H,13,Reading 1,Rachel Ben
1699634202130917700,145004.9270815,16:36:42:130918,H,13,Reading 1,Rachel Ben
1699634212143817000,145014.9395354,16:36:52:143817,H,13,Reading 1,Rachel Ben
1699634222156077300,145024.9526539,16:37:02:156077,H,13,Reading 1,Rachel Ben
1699634232168518700,145034.9646551,16:37:12:168519,H,13,Reading 1,Rachel Ben
1699634242180678800,145044.9769446,16:37:22:180679,H,13,Reading 1,Rachel Ben
1699634252191919600,145054.9885768,16:37:32:191920,H,13,Reading 1,Rachel Ben
1699634262205517100,145065.0012837,16:37:42:205517,H,13,Reading 1,Rachel Ben
1699634272221289700,145075.0175338,16:37:52:221290,H,13,Reading 1,Rachel Ben
1699634282234031000,145085.0298133,16:38:02:234031,H,13,Reading 1,Rachel Ben
1699634292251189200,145095.0469343,16:38:12:251189,H,13,Reading 1,Rachel Ben
1699634302264619400,145105.060304,16:38:22:264620,H,13,Reading 1,Rachel Ben
1699634312282569600,145115.0784911,16:38:32:282570,H,13,Reading 1,Rachel Ben
1699634322294237600,145125.0900788,16:38:42:294238,H,13,Reading 1,Rachel Ben
1699634332305493200,145135.1013257,16:38:52:305493,H,13,Reading 1,Rachel Ben
1699634342317640600,145145.1133916,16:39:02:317641,H,13,Reading 1,Rachel Ben
1699634352331622400,145155.1281944,16:39:12:331622,H,13,Reading 1,Rachel Ben
1699634362344942000,145165.1409945,16:39:22:344942,H,13,Reading 1,Rachel Ben
1699634372357793000,145175.1535156,16:39:32:357793,H,13,Reading 1,Rachel Ben
1699634382370588400,145185.1663114,16:39:42:370588,H,13,Reading 1,Rachel Ben
1699634392382459200,145195.1781659,16:39:52:382459,H,13,Reading 1,Rachel Ben
1699634402396704300,145205.1923996,16:40:02:396704,H,13,Reading 1,Rachel Ben
1699634404144517400,145206.9409687,16:40:04:144517,VECTOR 9 STOPPED,,,
1699634412409223600,145215.2049359,16:40:12:409224,H,,,
1699634422423121400,145225.2189402,16:40:22:423121,H,,,
1699634432436640000,145235.2324074,16:40:32:436640,H,,,
1699634442448176500,145245.2444701,16:40:42:448176,H,,,
1699634452461599600,145255.257707,16:40:52:461600,H,,,
1699634456296432400,145259.0927061,16:40:56:296432,VECTOR_10 STARTED,14,Reading 2,"Siin, Rachel, Participant"
1699634462475736700,145265.2715507,16:41:02:475737,H,14,Reading 2,"Siin, Rachel, Participant"
1699634472487989100,145275.2837125,16:41:12:487989,H,14,Reading 2,"Siin, Rachel, Participant"
1699634482499427900,145285.2953933,16:41:22:499428,H,14,Reading 2,"Siin, Rachel, Participant"
1699634492517712500,145295.3142242,16:41:32:517712,H,14,Reading 2,"Siin, Rachel, Participant"
1699634502531633300,145305.327377,16:41:42:531633,H,14,Reading 2,"Siin, Rachel, Participant"
1699634512543319600,145315.3394342,16:41:52:543319,H,14,Reading 2,"Siin, Rachel, Participant"
1699634522556440600,145325.35276,16:42:02:556441,H,14,Reading 2,"Siin, Rachel, Participant"
1699634532568847600,145335.3645782,16:42:12:568848,H,14,Reading 2,"Siin, Rachel, Participant"
1699634542580641400,145345.3763775,16:42:22:580641,H,14,Reading 2,"Siin, Rachel, Participant"
1699634552592535400,145355.3890107,16:42:32:592535,H,14,Reading 2,"Siin, Rachel, Participant"
1699634562604556800,145365.4009388,16:42:42:604557,H,14,Reading 2,"Siin, Rachel, Participant"
1699634572652103900,145375.4480109,16:42:52:652104,H,14,Reading 2,"Siin, Rachel, Participant"
1699634582664416100,145385.4600932,16:43:02:664416,H,14,Reading 2,"Siin, Rachel, Participant"
1699634592675670300,145395.4716816,16:43:12:675670,H,14,Reading 2,"Siin, Rachel, Participant"
1699634602689612500,145405.4852983,16:43:22:689613,H,14,Reading 2,"Siin, Rachel, Participant"
1699634612701587700,145415.4973078,16:43:32:701588,H,14,Reading 2,"Siin, Rachel, Participant"
1699634622715071300,145425.5108508,16:43:42:715071,H,14,Reading 2,"Siin, Rachel, Participant"
1699634632727411100,145435.5231805,16:43:52:727411,H,14,Reading 2,"Siin, Rachel, Participant"
1699634642749091700,145445.5448007,16:44:02:749092,H,14,Reading 2,"Siin, Rachel, Participant"
1699634652760912500,145455.5569842,16:44:12:760912,H,14,Reading 2,"Siin, Rachel, Participant"
1699634662784384200,145465.5801891,16:44:22:784384,H,14,Reading 2,"Siin, Rachel, Participant"
1699634672796540400,145475.5928566,16:44:32:796540,H,14,Reading 2,"Siin, Rachel, Participant"
1699634682808002300,145485.6040288,16:44:42:808002,H,14,Reading 2,"Siin, Rachel, Participant"
1699634692820297500,145495.6161268,16:44:52:820297,H,14,Reading 2,"Siin, Rachel, Participant"
1699634702841413800,145505.6374007,16:45:02:841414,H,14,Reading 2,"Siin, Rachel, Participant"
1699634712861631100,145515.6573444,16:45:12:861631,H,14,Reading 2,"Siin, Rachel, Participant"
1699634713544939200,145516.3408013,16:45:13:544939,VECTOR 10 STOPPED,,,
1699634722879343500,145525.6750738,16:45:22:879344,H,,,
1699634732893373900,145535.6891419,16:45:32:893374,H,,,
1699634742904698400,145545.7005732,16:45:42:904698,H,,,
1699634752919372800,145555.7156262,16:45:52:919373,H,,,
1699634762933347200,145565.7290819,16:46:02:933347,H,,,
1699634766328500000,145569.1246383,16:46:06:328500,VECTOR_11 STARTED,15,Reading 3,"Heni, Nathaniel, EEG PARTICIPANT"
1699634772946571500,145575.7422992,16:46:12:946572,H,15,Reading 3,"Heni, Nathaniel, EEG PARTICIPANT"
1699634782958579200,145585.7548902,16:46:22:958579,H,15,Reading 3,"Heni, Nathaniel, EEG PARTICIPANT"
1699634792984057500,145595.7797751,16:46:32:984058,H,15,Reading 3,"Heni, Nathaniel, EEG PARTICIPANT"
1699634802995534600,145605.791519,16:46:42:995535,H,15,Reading 3,"Heni, Nathaniel, EEG PARTICIPANT"
1699634813007614200,145615.8039534,16:46:53:007614,H,15,Reading 3,"Heni, Nathaniel, EEG PARTICIPANT"
1699634823021521600,145625.8172353,16:47:03:021522,H,15,Reading 3,"Heni, Nathaniel, EEG PARTICIPANT"
1699634833039371200,145635.8350625,16:47:13:039371,H,15,Reading 3,"Heni, Nathaniel, EEG PARTICIPANT"
1699634843051101100,145645.8470361,16:47:23:051101,H,15,Reading 3,"Heni, Nathaniel, EEG PARTICIPANT"
1699634853064130000,145655.85991,16:47:33:064130,H,15,Reading 3,"Heni, Nathaniel, EEG PARTICIPANT"
1699634863076220700,145665.871939,16:47:43:076221,H,15,Reading 3,"Heni, Nathaniel, EEG PARTICIPANT"
1699634873089260300,145675.88513,16:47:53:089260,H,15,Reading 3,"Heni, Nathaniel, EEG PARTICIPANT"
1699634883102632800,145685.8983072,16:48:03:102633,H,15,Reading 3,"Heni, Nathaniel, EEG PARTICIPANT"
1699634893119874700,145695.9161056,16:48:13:119875,H,15,Reading 3,"Heni, Nathaniel, EEG PARTICIPANT"
1699634903134444100,145705.9301471,16:48:23:134444,H,15,Reading 3,"Heni, Nathaniel, EEG PARTICIPANT"
1699634913145709500,145715.9420307,16:48:33:145710,H,15,Reading 3,"Heni, Nathaniel, EEG PARTICIPANT"
1699634923158300200,145725.9540074,16:48:43:158300,H,15,Reading 3,"Heni, Nathaniel, EEG PARTICIPANT"
1699634933169208100,145735.9653801,16:48:53:169208,H,15,Reading 3,"Heni, Nathaniel, EEG PARTICIPANT"
1699634933584894700,145736.3808801,16:48:53:584895,VECTOR 11 STOPPED,,,
1699634943182598300,145745.9784346,16:49:03:182598,H,,,
1699634953199426500,145755.9960758,16:49:13:199427,H,,,
1699634963214213600,145766.0099181,16:49:23:214214,H,,,
1699634973225665300,145776.0215788,16:49:33:225665,H,,,
1699634983237347500,145786.0330654,16:49:43:237348,H,,,
1699634993251071000,145796.0467831,16:49:53:251071,H,,,
1699635003264360800,145806.0601089,16:50:03:264361,H,,,
1699635013276567400,145816.0722495,16:50:13:276567,H,,,
1699635023289247300,145826.0849279,16:50:23:289247,H,,,
1699635033302177500,145836.0988098,16:50:33:302177,H,,,
1699635043320043400,145846.1157876,16:50:43:320044,H,,,
1699635053333506300,145856.1293131,16:50:53:333506,H,,,
1699635063345212600,145866.141031,16:51:03:345213,H,,,
1699635073371528200,145876.1680751,16:51:13:371528,H,,,
1699635083272757700,145886.0686933,16:51:23:272758,VECTOR_12 STARTED,16,Reading 4,"Heni, Rachel, Ben"
1699635083384835500,145886.1805451,16:51:23:384835,H,16,Reading 4,"Heni, Rachel, Ben"
1699635093396105800,145896.1920657,16:51:33:396106,H,16,Reading 4,"Heni, Rachel, Ben"
1699635103422133000,145906.2178705,16:51:43:422133,H,16,Reading 4,"Heni, Rachel, Ben"
1699635113440870900,145916.2367535,16:51:53:440871,H,16,Reading 4,"Heni, Rachel, Ben"
1699635123453613800,145926.2493406,16:52:03:453614,H,16,Reading 4,"Heni, Rachel, Ben"
1699635133475708000,145936.2714111,16:52:13:475708,H,16,Reading 4,"Heni, Rachel, Ben"
1699635143487245600,145946.2836957,16:52:23:487246,H,16,Reading 4,"Heni, Rachel, Ben"
1699635153502023400,145956.2977627,16:52:33:502023,H,16,Reading 4,"Heni, Rachel, Ben"
1699635163522133400,145966.3178655,16:52:43:522134,H,16,Reading 4,"Heni, Rachel, Ben"
1699635173535171800,145976.3316683,16:52:53:535172,H,16,Reading 4,"Heni, Rachel, Ben"
1699635183547044300,145986.3435626,16:53:03:547044,H,16,Reading 4,"Heni, Rachel, Ben"
1699635193559088400,145996.3556645,16:53:13:559088,H,16,Reading 4,"Heni, Rachel, Ben"
1699635203572370100,146006.3681001,16:53:23:572370,H,16,Reading 4,"Heni, Rachel, Ben"
1699635213585354100,146016.3813499,16:53:33:585354,H,16,Reading 4,"Heni, Rachel, Ben"
1699635223597104400,146026.3933147,16:53:43:597104,H,16,Reading 4,"Heni, Rachel, Ben"
1699635233615198400,146036.4111064,16:53:53:615198,H,16,Reading 4,"Heni, Rachel, Ben"
1699635243627180800,146046.4234562,16:54:03:627181,H,16,Reading 4,"Heni, Rachel, Ben"
1699635253639915500,146056.4356665,16:54:13:639915,H,16,Reading 4,"Heni, Rachel, Ben"
1699635263662081300,146066.4581261,16:54:23:662081,H,16,Reading 4,"Heni, Rachel, Ben"
1699635273673352300,146076.4698458,16:54:33:673352,H,16,Reading 4,"Heni, Rachel, Ben"
1699635278224653500,146081.0204414,16:54:38:224653,VECTOR 12 STOPPED,,,
1699635283687035200,146086.4827537,16:54:43:687035,H,,,
1699635293700034100,146096.4957744,16:54:53:700034,H,,,
1699635303711981500,146106.508533,16:55:03:711982,H,,,
1699635313728993100,146116.5247205,16:55:13:728993,H,,,
1699635322584009200,146125.380369,16:55:22:584009,VECTOR_13 STARTED,17,VIDEO Reading 5,
1699635323741966100,146126.5382164,16:55:23:741966,H,17,VIDEO Reading 5,
1699635333753945000,146136.5505319,16:55:33:753945,H,17,VIDEO Reading 5,
1699635343771419900,146146.5675821,16:55:43:771420,H,17,VIDEO Reading 5,
1699635353796664600,146156.5924521,16:55:53:796664,H,17,VIDEO Reading 5,
1699635363808818900,146166.604525,16:56:03:808819,H,17,VIDEO Reading 5,
1699635373820111000,146176.6166314,16:56:13:820111,H,17,VIDEO Reading 5,
1699635383832160200,146186.6283031,16:56:23:832160,H,17,VIDEO Reading 5,
1699635393843219000,146196.639721,16:56:33:843219,H,17,VIDEO Reading 5,
1699635403856211600,146206.6520246,16:56:43:856212,H,17,VIDEO Reading 5,
1699635413870963500,146216.6668776,16:56:53:870964,H,17,VIDEO Reading 5,
1699635423882744300,146226.6789503,16:57:03:882744,H,17,VIDEO Reading 5,
1699635433897593700,146236.6933382,16:57:13:897593,H,17,VIDEO Reading 5,
1699635443917078600,146246.7134459,16:57:23:917078,H,17,VIDEO Reading 5,
1699635453932480500,146256.7285636,16:57:33:932481,H,17,VIDEO Reading 5,
1699635463945010400,146266.74069,16:57:43:945010,H,17,VIDEO Reading 5,
1699635473957111100,146276.7528879,16:57:53:957111,H,17,VIDEO Reading 5,
1699635483985326900,146286.7810183,16:58:03:985327,H,17,VIDEO Reading 5,
1699635494002679100,146296.7985521,16:58:14:002679,H,17,VIDEO Reading 5,
1699635504014752400,146306.8107748,16:58:24:014753,H,17,VIDEO Reading 5,
1699635514030806300,146316.8271881,16:58:34:030806,H,17,VIDEO Reading 5,
1699635524043089800,146326.8387618,16:58:44:043090,H,17,VIDEO Reading 5,
1699635534055204400,146336.8516358,16:58:54:055204,H,17,VIDEO Reading 5,
1699635544066965600,146346.8630334,16:59:04:066966,H,17,VIDEO Reading 5,
1699635554083990000,146356.8806566,16:59:14:083990,H,17,VIDEO Reading 5,
1699635564100589200,146366.8967971,16:59:24:100589,H,17,VIDEO Reading 5,
1699635574115184300,146376.9108617,16:59:34:115184,H,17,VIDEO Reading 5,
1699635584127881200,146386.9237712,16:59:44:127881,H,17,VIDEO Reading 5,
1699635594148856900,146396.9449307,16:59:54:148857,H,17,VIDEO Reading 5,
1699635604163885700,146406.9605134,17:00:04:163886,H,17,VIDEO Reading 5,
1699635614177521700,146416.9732356,17:00:14:177522,H,17,VIDEO Reading 5,
1699635624190536000,146426.9862677,17:00:24:190536,H,17,VIDEO Reading 5,
1699635634203676400,146436.9999104,17:00:34:203676,H,17,VIDEO Reading 5,
1699635644215523600,146447.0119878,17:00:44:215523,H,17,VIDEO Reading 5,
1699635654231701100,146457.0274813,17:00:54:231701,H,17,VIDEO Reading 5,
1699635664243744200,146467.0395518,17:01:04:243744,H,17,VIDEO Reading 5,
1699635667598799600,146470.3946482,17:01:07:598800,VECTOR 13 STOPPED,,,
1699635674261783800,146477.057496,17:01:14:261784,H,,,
1699635684274743600,146487.0706069,17:01:24:274744,H,,,
1699635694300639500,146497.0963594,17:01:34:300639,H,,,
1699635699847976200,146502.6441211,17:01:39:847976,VECTOR_14 STARTED,18,SOUND Reading 6,
1699635704314943100,146507.1109266,17:01:44:314943,H,18,SOUND Reading 6,
1699635714328895000,146517.1245787,17:01:54:328895,H,18,SOUND Reading 6,
1699635724359841300,146527.1559404,17:02:04:359841,H,18,SOUND Reading 6,
1699635734370992700,146537.1676613,17:02:14:370993,H,18,SOUND Reading 6,
1699635744384064200,146547.1800944,17:02:24:384064,H,18,SOUND Reading 6,
1699635754398139900,146557.1943113,17:02:34:398140,H,18,SOUND Reading 6,
1699635764409833600,146567.2059967,17:02:44:409833,H,18,SOUND Reading 6,
1699635774422978200,146577.2186643,17:02:54:422978,H,18,SOUND Reading 6,
1699635784434666500,146587.2309804,17:03:04:434666,H,18,SOUND Reading 6,
1699635794450827300,146597.2465641,17:03:14:450827,H,18,SOUND Reading 6,
1699635804508051200,146607.3045598,17:03:24:508051,H,18,SOUND Reading 6,
1699635814521030500,146617.3167099,17:03:34:521030,H,18,SOUND Reading 6,
1699635824532692800,146627.3285289,17:03:44:532693,H,18,SOUND Reading 6,
1699635834547937400,146637.3436795,17:03:54:547937,H,18,SOUND Reading 6,
1699635844562534500,146647.3589055,17:04:04:562534,H,18,SOUND Reading 6,
1699635854576647200,146657.3730158,17:04:14:576647,H,18,SOUND Reading 6,
1699635864592581800,146667.3884854,17:04:24:592582,H,18,SOUND Reading 6,
1699635874607842400,146677.403566,17:04:34:607842,H,18,SOUND Reading 6,
1699635884620932700,146687.4171483,17:04:44:620933,H,18,SOUND Reading 6,
1699635894644860200,146697.4405723,17:04:54:644860,H,18,SOUND Reading 6,
1699635904657087000,146707.4531446,17:05:04:657087,H,18,SOUND Reading 6,
1699635914668706100,146717.4652169,17:05:14:668706,H,18,SOUND Reading 6,
1699635924681902400,146727.4775843,17:05:24:681902,H,18,SOUND Reading 6,
1699635934693657400,146737.4896694,17:05:34:693657,H,18,SOUND Reading 6,
1699635944706306600,146747.5028366,17:05:44:706306,H,18,SOUND Reading 6,
1699635954719851900,146757.5164696,17:05:54:719852,H,18,SOUND Reading 6,
1699635964732697600,146767.5287956,17:06:04:732697,H,18,SOUND Reading 6,
1699635974745835200,146777.5415443,17:06:14:745835,H,18,SOUND Reading 6,
1699635984757968100,146787.5537827,17:06:24:757968,H,18,SOUND Reading 6,
1699635994768879200,146797.565315,17:06:34:768879,H,18,SOUND Reading 6,
1699635999861757400,146802.6574582,17:06:39:861758,VECTOR 14 STOPPED,,,
1699636002400535500,146805.1966703,17:06:42:400536,TRANS:1600,,,
1699636003611464500,146806.4078134,17:06:43:611465,TRANS:1600,,,
1699636004788445500,146807.5841664,17:06:44:788445,H,,,
1699636004822520700,146807.618819,17:06:44:822520,TRANS:1600,,,
1699636006033581100,146808.8298213,17:06:46:033581,TRANS:1600,,,
1699636007250454000,146810.0468279,17:06:47:250454,TRANS:900,,,
1699636014800569900,146817.5966265,17:06:54:800570,H,,,
1699636024824144800,146827.6198372,17:07:04:824145,H,,,
1699636034836692500,146837.6328271,17:07:14:836693,H,,,
1699636044849567000,146847.6453163,17:07:24:849567,H,,,
1699636054863298700,146857.659037,17:07:34:863299,H,,,
1699636064876551300,146867.6731667,17:07:44:876551,H,,,
1699636074889909600,146877.6855876,17:07:54:889910,H,,,
1699636084901772600,146887.6982987,17:08:04:901772,H,,,
1699636094916741000,146897.7124852,17:08:14:916741,H,,,
1699636104931563700,146907.7273073,17:08:24:931564,H,,,
1699636114944755300,146917.7407774,17:08:34:944755,H,,,
1699636124957958800,146927.7537346,17:08:44:957959,H,,,
1699636134972916800,146937.769322,17:08:54:972917,H,,,
1699636144985533400,146947.7817005,17:09:04:985533,H,,,
